位置,经纬度
广东省深圳市龙岗区中海康城花园,"114.206844,22.707388"
广东省深圳市龙岗区中骏四季阳光,"114.302574,22.719819"
广东省深圳市龙岗区龙珠花园,"114.124600,22.602495"
广东省深圳市龙岗区丽湖花园,"114.106575,22.630032"
广东省深圳市龙岗区中海怡翠山庄,"114.111506,22.624153"
广东省深圳市龙岗区万象天城,"114.254368,22.723858"
广东省深圳市龙岗区万科天誉花园,"114.233680,22.696509"
广东省深圳市龙岗区保利上城花园,"114.237378,22.705375"
广东省深圳市龙岗区国展苑,"114.118748,22.595281"
广东省深圳市龙岗区东方瑞景苑,"114.268228,22.729331"
广东省深圳市龙岗区阳光花园,"114.118103,22.614922"
广东省深圳市龙岗区振业峦山谷花园一期,"114.266215,22.687325"
广东省深圳市罗湖区金丽豪苑,"114.127280,22.565502"
广东省深圳市龙岗区榭丽花园三期,"114.254196,22.718272"
广东省深圳市福田区御景华城花园,"114.085518,22.533256"
广东省深圳市坪山区京基御景印象家园,"114.334610,22.677583"
广东省深圳市罗湖区翠竹苑,"114.132812,22.558615"
广东省深圳市罗湖区旭飞华达园,"114.128943,22.572273"
广东省深圳市龙岗区百合盛世,"114.237719,22.743310"
广东省深圳市龙岗区中兆花园,"114.144530,22.618200"
广东省深圳市龙岗区信义御城,"114.212023,22.650610"
广东省深圳市龙岗区传麒尚林,"114.275000,22.746059"
广东省深圳市龙岗区星河时代花园,"114.227132,22.692819"
广东省深圳市龙岗区万科翰邻城,"114.230986,22.730721"
广东省深圳市龙岗区尚峰花园,"114.138161,22.623789"
广东省深圳市龙岗区依山郡花园,"114.220281,22.729539"
广东省深圳市龙岗区水晶之城,"114.225134,22.669706"
广东省深圳市罗湖区君逸华府,"114.132899,22.576280"
广东省深圳市龙岗区花语岸花园,"114.237978,22.713904"
广东省深圳市罗湖区泊林花园,"114.125546,22.571705"
广东省深圳市福田区梅林一村,"114.038199,22.564955"
广东省深圳市龙岗区康达尔花园,"114.137411,22.616901"
广东省深圳市福田区皇庭世纪花园,"114.057471,22.525952"
广东省深圳市宝安区碧海富通城,"113.854163,22.567227"
广东省深圳市罗湖区新天地名居,"114.133559,22.544685"
广东省深圳市罗湖区百仕达东郡,"114.137363,22.569790"
广东省深圳市龙岗区阳光天健城,"114.220189,22.701407"
广东省深圳市罗湖区金城华庭,"114.133663,22.549331"
广东省深圳市龙岗区桂芳园六期,"114.142258,22.611692"
广东省深圳市龙岗区茂业城,"114.133966,22.610881"
广东省深圳市龙岗区怡龙枫景园,"114.274322,22.724865"
广东省深圳市福田区金地名津,"114.073594,22.516121"
广东省深圳市龙岗区振业峦山谷花园二期,"114.262019,22.681863"
广东省深圳市龙岗区万科红,"114.126868,22.598124"
广东省深圳市福田区福禄居,"114.024508,22.538429"
广东省深圳市龙岗区承翰陶源花园,"114.233647,22.750736"
广东省深圳市龙岗区桂芳园一期,"114.140620,22.613339"
广东省深圳市龙岗区大世纪花园,"114.126855,22.610378"
广东省深圳市龙岗区徽王府,"114.227467,22.727878"
广东省深圳市龙岗区荣超花园,"114.119121,22.593648"
广东省深圳市罗湖区阳光天地家园,"114.127493,22.567764"
广东省深圳市龙岗区怡康家园,"114.137237,22.614245"
广东省深圳市龙岗区可园社区,"114.136984,22.598758"
广东省深圳市罗湖区名骏豪庭,"114.171576,22.559313"
广东省深圳市罗湖区今日家园,"114.136134,22.581274"
广东省深圳市坪山区中粮一品澜山花园,"114.373163,22.731480"
广东省深圳市罗湖区愉天小区,"114.127815,22.565917"
广东省深圳市坪山区六和商业广场一期,"114.338350,22.692688"
广东省深圳市龙岗区乐城荷康花园,"114.224770,22.675555"
广东省深圳市罗湖区合正荣悦,"114.129674,22.552005"
广东省深圳市龙岗区绿景大公馆,"114.220686,22.696737"
广东省深圳市龙岗区远洋新干线,"114.262560,22.718425"
广东省深圳市宝安区泰华阳光海,"113.856489,22.572504"
广东省深圳市龙岗区新亚洲花园,"114.238101,22.715096"
广东省深圳市罗湖区百仕达花园二期,"114.133142,22.572854"
广东省深圳市龙岗区榭丽花园,"114.255198,22.721115"
广东省深圳市罗湖区百仕达花园五期,"114.139972,22.568258"
广东省深圳市福田区黄埔雅苑乐悠园,"114.054002,22.543846"
广东省深圳市龙岗区中心花园,"114.130401,22.608591"
广东省深圳市坪山区招商花园,"114.344244,22.705913"
广东省深圳市宝安区金港华庭,"113.861260,22.582450"
广东省深圳市罗湖区怡泰大厦,"114.127909,22.554336"
广东省深圳市罗湖区太阳新城,"114.124155,22.575972"
广东省深圳市龙岗区嘉御豪园,"114.058528,22.635734"
广东省深圳市龙岗区东方盛世花园,"114.116369,22.592692"
广东省深圳市南山区蔚蓝海岸社区三期,"113.936582,22.511728"
广东省深圳市龙岗区荔山公馆,"114.126207,22.592345"
广东省深圳市坪山区大东城,"114.340100,22.707050"
广东省深圳市罗湖区彩世界家园,"114.142962,22.579164"
广东省深圳市龙岗区百合星城,"114.120554,22.598225"
广东省深圳市福田区皇御苑,"114.075556,22.526089"
广东省深圳市福田区崇德,"114.092454,22.540971"
广东省深圳市罗湖区新银座,"114.120159,22.535578"
广东省深圳市龙岗区叠翠新峰花园,"114.270262,22.717635"
广东省深圳市龙岗区麓园,"114.220051,22.732648"
广东省深圳市宝安区魅力时代花园,"113.863599,22.575364"
广东省深圳市福田区皇御苑b区,"114.076518,22.526073"
广东省深圳市宝安区金泓凯旋城,"113.898001,22.555436"
广东省深圳市福田区帝港海湾豪园,"114.055650,22.509140"
广东省深圳市坪山区万科金域缇香花园二期,"114.339767,22.704025"
广东省深圳市龙岗区龙禧雅苑,"114.245065,22.740454"
广东省深圳市福田区益田村,"114.053579,22.515080"
广东省深圳市南山区诺德假日花园,"113.903114,22.509892"
广东省深圳市福田区黄埔雅苑骏悠园,"114.053991,22.545437"
广东省深圳市龙岗区中城康桥花园一期,"114.144373,22.622030"
广东省深圳市罗湖区翠拥华庭,"114.130750,22.562557"
广东省深圳市龙岗区中央悦城,"114.242060,22.732298"
广东省深圳市龙岗区桂芳园四期,"114.141240,22.612081"
广东省深圳市龙岗区新都汇家园,"114.130922,22.606341"
广东省深圳市罗湖区嘉多利花园,"114.125829,22.560898"
广东省深圳市罗湖区东方尊峪,"114.191824,22.558382"
广东省深圳市龙华区星河盛世,"114.046688,22.602673"
广东省深圳市龙岗区仁恒峦山美地,"114.269112,22.689860"
广东省深圳市盐田区中海半山溪谷花园,"114.241395,22.585384"
广东省深圳市龙华区青年城邦园,"114.021832,22.651970"
广东省深圳市南山区蔚蓝海岸社区二期,"113.935733,22.508443"
广东省深圳市福田区城市3米6公寓,"114.056151,22.508694"
广东省深圳市龙岗区阳光广场,"114.253657,22.731387"
广东省深圳市龙岗区宇宏健康花城,"114.136531,22.625180"
广东省深圳市龙岗区茗萃园,"114.142511,22.668302"
广东省深圳市福田区皇御苑c区|B地块,"114.075622,22.524213"
广东省深圳市龙岗区水岸新都,"114.277556,22.749975"
广东省深圳市龙岗区摩尔城,"114.268503,22.722432"
广东省深圳市宝安区花园三期,"113.944278,22.742319"
广东省深圳市罗湖区海洋大厦,"114.129409,22.555446"
广东省深圳市龙岗区缤纷世纪公寓,"114.230270,22.702430"
广东省深圳市龙华区花园一期,"114.002624,22.640217"
广东省深圳市龙岗区城市花园,"114.239675,22.726866"
广东省深圳市罗湖区松泉公寓,"114.129295,22.577622"
广东省深圳市龙岗区名苑商住楼,"114.261634,22.733379"
广东省深圳市宝安区中海西岸华府北区,"113.820601,22.771137"
广东省深圳市龙岗区君悦龙庭,"114.222617,22.725794"
广东省深圳市福田区东海花园一期,"114.021795,22.538088"
广东省深圳市罗湖区幸福里,"114.110406,22.536954"
广东省深圳市龙岗区锦龙名苑,"114.270225,22.713244"
广东省深圳市宝安区西荟城一期,"113.816650,22.732404"
广东省深圳市罗湖区新世界,"114.158289,22.554305"
广东省深圳市宝安区润恒尚园,"113.856548,22.583625"
广东省深圳市福田区港中旅花园二期,"114.013986,22.548081"
广东省深圳市福田区中海华庭,"114.052637,22.533496"
广东省深圳市龙岗区桂芳园八期,"114.138953,22.608815"
广东省深圳市龙岗区鸿基花园,"114.239557,22.709316"
广东省深圳市南山区红树西岸,"113.965813,22.522218"
广东省深圳市龙岗区碧湖玫瑰园,"114.239458,22.721154"
广东省深圳市福田区南方国际广场,"114.055466,22.526233"
广东省深圳市罗湖区东乐花园(罗湖),"114.140234,22.571725"
广东省深圳市罗湖区锦上花家园,"114.135903,22.540749"
广东省深圳市龙岗区俪景鸿都,"114.241707,22.713030"
广东省深圳市罗湖区嘉湖新都,"114.124327,22.566206"
广东省深圳市罗湖区都会大厦,"114.142940,22.548281"
广东省深圳市龙岗区沙湾中城康桥花园二期,"114.143266,22.625205"
广东省深圳市盐田区昊海君悦大厦,"114.243628,22.560492"
广东省深圳市福田区星河国际,"114.054114,22.531630"
广东省深圳市龙岗区帝景峰,"114.132778,22.610560"
广东省深圳市龙岗区麟恒中心广场,"114.186292,22.637411"
广东省深圳市福田区黄埔雅苑翠悠园,"114.050999,22.545866"
广东省深圳市龙岗区龙城华府,"114.230629,22.699769"
广东省深圳市宝安区里程花园,"113.856575,22.609777"
广东省深圳市龙岗区东关岸上林居,"114.247671,22.739053"
广东省深圳市福田区金域蓝湾,"114.025490,22.523506"
广东省深圳市龙岗区龙园意境华府,"114.124685,22.620788"
广东省深圳市龙岗区全盛紫悦龙庭,"114.239109,22.730843"
广东省深圳市龙华区苹果园,"114.029136,22.638516"
广东省深圳市罗湖区华达园二期,"114.130070,22.573746"
广东省深圳市龙岗区骏泰金汐府,"114.291121,22.729551"
广东省深圳市龙岗区桂芳园一期,"114.140620,22.613339"
广东省深圳市罗湖区环岛丽园,"114.134205,22.552260"
广东省深圳市南山区星海名城二期,"113.914111,22.537663"
广东省深圳市龙岗区华业玫瑰郡,"114.237197,22.731927"
广东省深圳市罗湖区名仕阁,"114.108211,22.542857"
广东省深圳市龙岗区金地名峰花园,"114.261544,22.683353"
广东省深圳市罗湖区柏丽花园,"114.126831,22.562532"
广东省深圳市龙岗区碧湖花园(龙岗),"114.241730,22.720444"
广东省深圳市龙岗区颐安都会中央花园,"114.224984,22.688225"
广东省深圳市龙华区金地上塘道花园,"114.022038,22.634237"
广东省深圳市龙岗区桂芳园三期,"114.140949,22.616487"
广东省深圳市龙岗区深业紫麟山,"114.246257,22.736237"
广东省深圳市龙岗区紫薇花园,"114.240633,22.716749"
广东省深圳市宝安区桃源居十二区,"113.864483,22.615224"
广东省深圳市南山区彩虹之岸,"113.946856,22.525438"
广东省深圳市坪山区万科金域缇香花园一期,"114.341371,22.707201"
广东省深圳市龙岗区一城峰景,"114.276040,22.725409"
广东省深圳市龙岗区国香清林郡,"114.234244,22.749196"
广东省深圳市龙岗区万科金色沁园,"114.224604,22.723432"
广东省深圳市福田区深业上城,"114.070226,22.556923"
广东省深圳市南山区蔚蓝海岸社区,"113.936553,22.512415"
广东省深圳市宝安区熙龙湾二期,"113.891738,22.546021"
广东省深圳市宝安区鸿荣源禧园,"113.826289,22.731452"
广东省深圳市罗湖区阳光明居,"114.134400,22.583038"
广东省深圳市盐田区花样年花港家园,"114.248393,22.591204"
广东省深圳市龙华区潜龙鑫茂花园a区,"114.043435,22.609748"
广东省深圳市龙岗区信义假日名城,"114.125168,22.594863"
广东省深圳市宝安区万象新天,"113.849503,22.603327"
广东省深圳市龙岗区非凡空间阁,"114.251237,22.730449"
广东省深圳市龙岗区茵悦之生花园,"114.111408,22.628507"
广东省深圳市龙岗区半岛苑,"114.129449,22.613611"
广东省深圳市福田区高发城驰苑,"114.057390,22.522557"
广东省深圳市龙岗区悦澜山花园,"114.250766,22.734843"
广东省深圳市福田区星河世纪大厦,"114.067419,22.539161"
广东省深圳市龙岗区宏兴苑,"114.234998,22.723791"
广东省深圳市南山区深圳湾一号,"113.942687,22.506328"
广东省深圳市福田区彩天名苑,"114.068459,22.537491"
广东省深圳市龙岗区慢城三期,"114.127955,22.624093"
广东省深圳市南山区星海名城,"113.912749,22.537620"
广东省深圳市宝安区畔山御景花园,"113.813657,22.774311"
广东省深圳市龙岗区金域上郡花园,"114.103967,22.623360"
广东省深圳市福田区黄埔雅苑逸悠园,"114.050711,22.543505"
广东省深圳市福田区城中雅苑,"114.052566,22.531756"
广东省深圳市福田区裕康时尚名居,"114.049598,22.518756"
广东省深圳市坪山区盈富家园,"114.368832,22.703664"
广东省深圳市龙岗区大世纪水山缘,"114.140929,22.599355"
广东省深圳市福田区华尔登府邸,"114.062137,22.511261"
广东省深圳市南山区山海美域花园,"113.886532,22.493715"
广东省深圳市龙华区潜龙曼海宁花园南区,"114.009651,22.639125"
广东省深圳市龙岗区百合山庄,"114.120113,22.595522"
广东省深圳市龙岗区英郡年华二期,"114.149992,22.617273"
广东省深圳市南山区半岛城邦花园二期,"113.931539,22.481454"
广东省深圳市坪山区深业东城上邸,"114.337669,22.684065"
广东省深圳市福田区花好园,"114.025207,22.528334"
广东省深圳市罗湖区东乐大厦,"114.139990,22.572363"
广东省深圳市龙岗区城南雅筑,"114.255795,22.709908"
广东省深圳市龙岗区鹏达花园,"114.267158,22.717328"
广东省深圳市罗湖区置地广场,"114.121039,22.537086"
广东省深圳市福田区香域中央花园,"114.018144,22.549550"
广东省深圳市宝安区聚福园小区,"113.814793,22.669730"
广东省深圳市龙岗区中海大山地花园,"114.177997,22.644926"
广东省深圳市南山区雍景湾花园,"113.931248,22.496079"
广东省深圳市南山区宝能太古城南区,"113.938895,22.498697"
广东省深圳市龙华区一八六六花园,"114.029440,22.626298"
广东省深圳市坪山区金地朗悦,"114.339856,22.678442"
广东省深圳市福田区翠海花园,"114.016061,22.551256"
广东省深圳市罗湖区海富花园,"114.137055,22.545522"
广东省深圳市福田区金港豪庭,"114.064544,22.518674"
广东省深圳市南山区龙辉花园,"113.960073,22.566933"
广东省深圳市龙岗区广业成学府道花园,"114.230724,22.726851"
广东省深圳市罗湖区鸿业苑,"114.132795,22.557115"
广东省深圳市罗湖区鹏兴花园二期,"114.164299,22.562465"
广东省深圳市宝安区和园,"113.911562,22.571368"
广东省深圳市宝安区熙龙湾一期,"113.888962,22.547445"
广东省深圳市宝安区中信湾上|6座,"113.855345,22.570130"
广东省深圳市南山区天鹅堡二期,"113.978187,22.546017"
广东省深圳市龙岗区欧景花园,"114.234197,22.725353"
广东省深圳市南山区御景东方花园,"113.978540,22.534798"
广东省深圳市福田区熙园,"114.024664,22.549848"
广东省深圳市福田区翠海花园,"114.016061,22.551256"
广东省深圳市罗湖区桐景花园,"114.174438,22.559424"
广东省深圳市福田区新新家园,"114.052993,22.519043"
广东省深圳市龙华区书香门第上河坊广场,"114.047382,22.597723"
广东省深圳市宝安区金域豪庭,"113.808657,22.670933"
广东省深圳市南山区深圳湾,"113.949116,22.503260"
广东省深圳市宝安区深业新岸线三期,"113.876000,22.557500"
广东省深圳市罗湖区文华花园,"114.137302,22.544668"
广东省深圳市盐田区上东湾,"114.228812,22.549764"
广东省深圳市罗湖区鹏兴花园一期,"114.164488,22.565259"
广东省深圳市宝安区桃源居十四区,"113.861370,22.617041"
广东省深圳市龙岗区卓弘高尔夫雅苑,"114.271049,22.691292"
广东省深圳市龙岗区熙和园,"114.230130,22.728147"
广东省深圳市南山区现代城华庭,"113.924427,22.517259"
广东省深圳市罗湖区阳光新干线家园,"114.127126,22.537757"
广东省深圳市南山区向南瑞峰,"113.925589,22.524309"
广东省深圳市龙岗区睿智华庭,"114.209705,22.705842"
广东省深圳市龙岗区天健现代城,"114.220932,22.720151"
广东省深圳市龙岗区东都花园,"114.237238,22.708838"
广东省深圳市宝安区招商果岭,"113.857716,22.584860"
广东省深圳市龙岗区东方半岛花园,"114.131974,22.612109"
广东省深圳市宝安区幸福海岸二期,"113.878647,22.560735"
广东省深圳市龙岗区愉园新村,"114.237318,22.721503"
广东省深圳市罗湖区碧岭华庭,"114.125843,22.579091"
广东省深圳市龙岗区盈翠家园,"114.139515,22.611490"
广东省深圳市罗湖区淘金山湖景花园1期,"114.143524,22.585725"
广东省深圳市南山区宝能太古城北区,"113.939076,22.501557"
广东省深圳市南山区花园城三期,"113.922639,22.498573"
广东省深圳市龙岗区龙城国际,"114.231882,22.723880"
广东省深圳市南山区香格名苑,"113.884926,22.491183"
广东省深圳市龙华区圣莫丽斯花园,"114.028789,22.598233"
广东省深圳市盐田区和亨中心广场,"114.251272,22.588412"
广东省深圳市宝安区缤纷世界花园,"113.859217,22.564621"
广东省深圳市龙岗区天健花园,"114.235200,22.724839"
广东省深圳市龙岗区志健时代广场,"114.205626,22.648373"
广东省深圳市福田区自由港湾,"114.049882,22.508974"
广东省深圳市龙岗区茵悦之生花园2期,"114.111599,22.629674"
广东省深圳市宝安区尚都花园,"113.887074,22.559216"
广东省深圳市宝安区中粮锦云,"113.887520,22.584066"
广东省深圳市龙岗区中海怡美花园,"114.186091,22.647459"
广东省深圳市罗湖区山湖居,"114.141491,22.583622"
广东省深圳市宝安区兴达华府,"113.857125,22.611127"
广东省深圳市龙岗区欧景城华庭,"114.237340,22.723899"
广东省深圳市龙岗区左庭右院南区,"114.142349,22.622369"
广东省深圳市宝安区黄金大厦,"113.888994,22.575777"
广东省深圳市宝安区西城上筑花园,"113.892369,22.556273"
广东省深圳市龙华区潜龙花园,"114.041875,22.613486"
广东省深圳市龙岗区阅山公馆,"114.250329,22.737146"
广东省深圳市南山区万象新园,"113.927078,22.523960"
广东省深圳市福田区园岭新村,"114.100529,22.554209"
广东省深圳市宝安区白金假日公寓,"113.868913,22.567533"
广东省深圳市宝安区丽沙花都,"113.829234,22.716481"
广东省深圳市龙岗区中海怡瑞山居,"114.122922,22.619804"
广东省深圳市盐田区和亨城市广场,"114.238473,22.557983"
广东省深圳市福田区港中旅花园,"114.017006,22.547769"
广东省深圳市宝安区宏发领域,"113.889054,22.554184"
广东省深圳市坪山区万科金域东郡,"114.342578,22.705856"
广东省深圳市宝安区西岸观邸,"113.895404,22.550510"
广东省深圳市福田区香蜜湖一号,"114.034565,22.551685"
广东省深圳市南山区阳光棕榈园三期,"113.911364,22.525392"
广东省深圳市盐田区金港盛世华庭,"114.254886,22.588983"
广东省深圳市南山区漾日湾畔,"113.938634,22.519674"
广东省深圳市龙岗区楚丰广场,"114.254197,22.732598"
广东省深圳市罗湖区海珑华苑,"114.132526,22.546629"
广东省深圳市盐田区碧海蓝天明苑,"114.234868,22.553193"
广东省深圳市龙岗区盛龙花园,"114.256388,22.725506"
广东省深圳市龙岗区和谐家园,"114.140393,22.618001"
广东省深圳市盐田区云顶天海小区,"114.305523,22.600717"
广东省深圳市福田区皇都广场,"114.057306,22.527242"
广东省深圳市南山区俊峰丽舍花园,"113.982971,22.561171"
广东省深圳市罗湖区汇鑫花园,"114.135713,22.543080"
广东省深圳市龙岗区风临四季,"114.290870,22.727679"
广东省深圳市南山区新一代大厦,"113.924754,22.505209"
广东省深圳市宝安区世外桃源,"113.859780,22.613570"
广东省深圳市龙华区懿花园,"114.063484,22.692211"
广东省深圳市龙岗区龙福一村,"114.245792,22.724283"
广东省深圳市罗湖区翡翠公寓,"114.124261,22.560871"
广东省深圳市龙岗区康达尔花园,"114.137574,22.616530"
广东省深圳市南山区天骄华庭,"113.936093,22.499361"
广东省深圳市龙岗区80后街,"114.124372,22.601351"
广东省深圳市福田区锦庐花园,"114.008250,22.549814"
广东省深圳市宝安区都市翠海华苑,"113.905510,22.569550"
广东省深圳市宝安区西城雅筑,"113.877580,22.562799"
广东省深圳市福田区海悦华城,"114.070155,22.516772"
广东省深圳市福田区雅颂居,"114.066578,22.543593"
广东省深圳市盐田区东港印象家园,"114.249724,22.592003"
广东省深圳市福田区碧荔花园,"114.046148,22.566566"
广东省深圳市罗湖区金色年华家园,"114.171740,22.562137"
广东省深圳市宝安区桃源居六区,"113.865946,22.617199"
广东省深圳市罗湖区鹏城花园,"114.142194,22.580580"
广东省深圳市宝安区深业新岸线一期,"113.876233,22.557153"
广东省深圳市福田区绿洲丰和家园,"114.050927,22.527144"
广东省深圳市龙华区锦绣江南一期,"114.026695,22.635363"
广东省深圳市龙岗区中房怡芬花园,"114.138943,22.613279"
广东省深圳市福田区水榭花都,"114.037050,22.548594"
广东省深圳市宝安区天骄世家,"113.890950,22.587911"
广东省深圳市宝安区德业新城花园,"113.890492,22.556242"
广东省深圳市罗湖区东门天地大厦,"114.109533,22.553088"
广东省深圳市南山区半岛城邦花园一期,"113.931217,22.479286"
广东省深圳市福田区金地海景花园e区,"114.043085,22.513983"
广东省深圳市龙岗区尚景华园,"114.242732,22.726642"
广东省深圳市龙华区清湖花园,"114.048296,22.672254"
广东省深圳市龙岗区中翠花园,"114.139898,22.613549"
广东省深圳市龙岗区奥林华府,"114.220327,22.703903"
广东省深圳市宝安区君逸世家花园,"113.881385,22.561474"
广东省深圳市罗湖区翠华花园,"114.132380,22.555547"
广东省深圳市龙岗区欧意轩花园,"114.253407,22.736075"
广东省深圳市南山区三湘海尚花园一期,"113.943250,22.504500"
广东省深圳市龙岗区景华苑,"114.106875,22.625636"
广东省深圳市龙岗区创富时代名苑,"114.269320,22.722283"
广东省深圳市福田区港城华庭,"114.072742,22.517083"
广东省深圳市福田区星座大厦,"114.054840,22.525530"
广东省深圳市南山区滨海之窗花园,"113.935519,22.520447"
广东省深圳市福田区祥云天都世纪大厦,"114.043980,22.521046"
广东省深圳市龙岗区全盛御景湾花园,"114.247774,22.734425"
广东省深圳市福田区四季山水花园,"114.045538,22.570591"
广东省深圳市宝安区大益广场,"113.868593,22.580552"
广东省深圳市福田区丽阳天下名苑,"114.051054,22.525269"
广东省深圳市龙岗区信和爱琴居,"114.135534,22.611689"
广东省深圳市龙岗区德沁苑,"114.272092,22.718006"
广东省深圳市罗湖区湖滨新村,"114.138114,22.559156"
广东省深圳市南山区鸿威海怡湾畔花园,"113.943087,22.490978"
广东省深圳市罗湖区鸿翔花园,"114.106417,22.553892"
广东省深圳市罗湖区祥和花园1期,"114.169825,22.563704"
广东省深圳市宝安区万科翡丽郡花园,"113.814000,22.733872"
广东省深圳市龙华区水榭春天花园,"114.024209,22.628197"
广东省深圳市龙华区锦绣江南四期,"114.031892,22.638192"
广东省深圳市盐田区壹海城三区一期,"114.239148,22.551123"
广东省深圳市龙岗区左庭右院北区,"114.141513,22.624029"
广东省深圳市龙岗区布吉茵悦之生花园三期,"114.110419,22.630273"
广东省深圳市福田区金海湾花园,"114.032187,22.519839"
广东省深圳市南山区阳光海景,"113.933958,22.542449"
广东省深圳市南山区十五峰花园,"113.980594,22.563479"
广东省深圳市宝安区丽景城,"113.887262,22.588996"
广东省深圳市宝安区圣淘沙,"113.863391,22.573151"
广东省深圳市罗湖区双城世纪大厦,"114.120510,22.533523"
广东省深圳市龙岗区桂芳园二期,"114.140945,22.616507"
广东省深圳市宝安区碧海富通城五期,"113.854008,22.568877"
广东省深圳市龙岗区锦绣东方,"114.232376,22.720896"
广东省深圳市宝安区卡罗社区,"113.890281,22.561586"
广东省深圳市龙岗区汇龙天下,"114.253266,22.729918"
广东省深圳市罗湖区华丽园,"114.129097,22.559974"
广东省深圳市南山区君汇新天花园,"113.938944,22.502710"
广东省深圳市盐田区碧桐湾,"114.228659,22.549998"
广东省深圳市宝安区中粮鸿云花园,"113.867752,22.579427"
广东省深圳市宝安区鸿隆广场,"113.880716,22.581917"
广东省深圳市罗湖区旺业豪苑,"114.125627,22.554293"
广东省深圳市罗湖区都市名园,"114.109404,22.540247"
广东省深圳市罗湖区城市天地广场,"114.113227,22.537919"
广东省深圳市龙岗区九州家园,"114.263746,22.728384"
广东省深圳市福田区汇港名苑,"114.083716,22.530194"
广东省深圳市盐田区桐林花园,"114.234963,22.560022"
广东省深圳市龙岗区汇福花园,"114.138031,22.614684"
广东省深圳市福田区彩福大厦,"114.067596,22.536034"
广东省深圳市龙岗区慢城二期,"114.128032,22.623321"
广东省深圳市龙华区万科金域华府一期,"114.043391,22.599369"
广东省深圳市南山区四海公寓,"113.931405,22.494167"
广东省深圳市龙岗区水蓝湾园,"114.221130,22.726648"
广东省深圳市龙岗区合家欢,"114.241939,22.746303"
广东省深圳市宝安区中海九号公馆,"113.895477,22.601593"
广东省深圳市南山区阳光棕榈园,"113.912792,22.525985"
广东省深圳市福田区蜜园,"114.043187,22.523905"
广东省深圳市罗湖区东方凤雅台,"114.180666,22.560203"
广东省深圳市宝安区中海西岸华府南区,"113.822215,22.768782"
广东省深圳市罗湖区福德花园,"114.133337,22.546355"
广东省深圳市罗湖区京基一百大厦,"114.108409,22.544074"
广东省深圳市福田区缔梦园三期,"114.041126,22.552331"
广东省深圳市龙岗区阳基新天地家园,"114.156839,22.623601"
广东省深圳市罗湖区凤凰印象,"114.133335,22.547178"
广东省深圳市南山区南油生活b区,"113.929562,22.508549"
广东省深圳市罗湖区畔山花园,"114.176705,22.561572"
广东省深圳市南山区香山里花园二期,"113.972560,22.553420"
广东省深圳市龙华区金碧世家,"114.025389,22.651760"
广东省深圳市福田区天泽花园,"114.069899,22.517870"
广东省深圳市宝安区富通蟠龙居,"113.869400,22.575196"
广东省深圳市罗湖区世界金融中心,"114.114366,22.542001"
广东省深圳市南山区花城南区,"113.965071,22.527033"
广东省深圳市南山区兰溪谷,"113.912040,22.490143"
广东省深圳市龙岗区紫郡,"114.141922,22.627707"
广东省深圳市宝安区菁英趣庭,"113.888364,22.559339"
广东省深圳市罗湖区鸿景翠峰,"114.189833,22.557207"
广东省深圳市龙华区锦绣江南,"114.028429,22.636404"
广东省深圳市龙岗区怡乐花园,"114.142917,22.620825"
广东省深圳市南山区信和自由广场,"113.925095,22.507220"
广东省深圳市龙岗区城龙花园,"114.248714,22.725856"
广东省深圳市罗湖区阳光绿地家园,"114.137982,22.562482"
广东省深圳市宝安区花样年花郡家园,"113.881957,22.563432"
广东省深圳市宝安区玉湖湾花园,"113.848762,22.572542"
广东省深圳市南山区星海名城五期,"113.913559,22.539012"
广东省深圳市龙华区书香门第名苑,"114.045340,22.597036"
广东省深圳市龙岗区名城国际,"114.140498,22.618715"
广东省深圳市福田区天御香山花园,"114.019720,22.538929"
广东省深圳市罗湖区兰亭国际,"114.157101,22.553103"
广东省深圳市龙岗区吉信大厦,"114.116799,22.600597"
广东省深圳市龙岗区中森双子座公馆,"114.221709,22.700083"
广东省深圳市盐田区海世界,"114.305373,22.592093"
广东省深圳市南山区香瑞园,"113.992068,22.560548"
广东省深圳市盐田区泊岸雅苑,"114.310279,22.600956"
广东省深圳市南山区荟芳园,"113.928985,22.527234"
广东省深圳市罗湖区松泉山庄,"114.125818,22.576832"
广东省深圳市盐田区瀚海翠庭,"114.230490,22.546712"
广东省深圳市宝安区好旺角,"113.889473,22.557646"
广东省深圳市龙华区潜龙鑫茂花园c区,"114.041827,22.609262"
广东省深圳市宝安区新安湖花园,"113.907412,22.563846"
广东省深圳市宝安区中洲华府,"113.905370,22.572891"
广东省深圳市宝安区桃源居十五区,"113.863502,22.618174"
广东省深圳市宝安区鸿景园,"113.890680,22.574324"
广东省深圳市南山区恒立听海花园,"113.946800,22.523494"
广东省深圳市南山区鼎太风华六期,"113.910394,22.516282"
广东省深圳市盐田区蓝郡广场,"114.237211,22.549585"
广东省深圳市南山区阳光花地苑,"113.913437,22.518307"
广东省深圳市龙华区招商观园,"114.061923,22.690405"
广东省深圳市福田区中城天邑花园,"114.047574,22.521280"
广东省深圳市盐田区金水湾御园,"114.256808,22.591128"
广东省深圳市盐田区东部阳光,"114.245638,22.562512"
广东省深圳市宝安区桃源盛景园,"113.864331,22.618036"
广东省深圳市罗湖区中山花园,"114.134899,22.548460"
广东省深圳市宝安区槟城西岸华庭,"113.857636,22.570311"
广东省深圳市福田区蓝湾半岛,"114.040158,22.516161"
广东省深圳市福田区港丽豪园,"114.066255,22.530423"
广东省深圳市龙华区水榭春天花园三期,"114.025450,22.627811"
广东省深圳市南山区中海阳光玫瑰园,"113.895516,22.502219"
广东省深圳市龙岗区瑞泽佳园,"114.182371,22.644915"
广东省深圳市南山区南光城市花园,"113.924014,22.519054"
广东省深圳市南山区香山里花园一期,"113.974716,22.553089"
广东省深圳市罗湖区淘金山湖景花园2期,"114.144570,22.586330"
广东省深圳市龙岗区信义锦绣花园,"114.190834,22.646138"
广东省深圳市南山区金海岸大厦,"113.928492,22.514340"
广东省深圳市罗湖区太白居,"114.138394,22.579679"
广东省深圳市南山区鼎太风华七期,"113.907467,22.515115"
广东省深圳市坪山区天峦湖花园,"114.353033,22.665489"
广东省深圳市罗湖区朗钜御风庭,"114.131702,22.541570"
广东省深圳市罗湖区万事达名苑,"114.135526,22.568664"
广东省深圳市南山区山海津,"113.899904,22.482694"
广东省深圳市南山区雷圳碧榕湾海景花园,"113.904633,22.511324"
广东省深圳市盐田区东部翠海轩,"114.243207,22.561416"
广东省深圳市宝安区锦绣清华园四区,"113.863841,22.613976"
广东省深圳市宝安区桃源居十一区,"113.861927,22.614834"
广东省深圳市福田区皇达东方雅苑,"114.057243,22.524391"
广东省深圳市罗湖区鹏兴花园六期,"114.167946,22.561055"
广东省深圳市罗湖区大地花园,"114.125372,22.576266"
广东省深圳市福田区金地网球花园,"114.017951,22.553574"
广东省深圳市宝安区绿海名居,"113.859014,22.562595"
广东省深圳市盐田区碧桐海苑,"114.237032,22.559469"
广东省深圳市南山区珠光花半里,"113.963752,22.570784"
广东省深圳市南山区鼎太风华三期,"113.910135,22.519532"
广东省深圳市罗湖区逸翠园2期,"114.130180,22.560559"
广东省深圳市南山区桃苑公寓,"113.924088,22.528231"
广东省深圳市盐田区壹站,"114.229800,22.554168"
广东省深圳市龙岗区阅山华府,"114.245345,22.733676"
广东省深圳市南山区华联城市山林一期,"113.915536,22.511462"
广东省深圳市南山区玫瑰园三期,"113.930278,22.479174"
广东省深圳市龙岗区新龙岗花园,"114.254507,22.735213"
广东省深圳市宝安区幸福海岸一期,"113.878551,22.559231"
广东省深圳市南山区兰溪谷二期,"113.914170,22.489067"
广东省深圳市福田区盛世家园二期,"114.065169,22.561202"
广东省深圳市南山区华联城市山林花园二期,"113.916020,22.511710"
广东省深圳市南山区首地容御花园,"113.973121,22.550189"
广东省深圳市福田区天然居,"114.036194,22.553822"
广东省深圳市罗湖区联城美园,"114.128579,22.543493"
广东省深圳市南山区星海名城六期,"113.912566,22.537940"
广东省深圳市福田区深业花园,"114.066442,22.545734"
广东省深圳市盐田区金山碧海,"114.240003,22.588218"
广东省深圳市罗湖区龙丽园,"114.127575,22.559715"
广东省深圳市罗湖区鹏兴花园五期,"114.169050,22.558465"
广东省深圳市盐田区壹海城一区,"114.237538,22.554387"
广东省深圳市宝安区碧海富通城二期,"113.858418,22.569056"
广东省深圳市南山区海怡东方花园,"113.951330,22.526220"
广东省深圳市南山区海月花园,"113.935105,22.501426"
广东省深圳市龙华区金庸阁,"114.021079,22.650072"
广东省深圳市龙岗区龙威花园|3栋,"114.123236,22.600847"
广东省深圳市盐田区东海岸二期,"114.299534,22.601095"
广东省深圳市南山区世纪村4期,"113.964940,22.533340"
广东省深圳市龙岗区大都汇大厦,"114.122440,22.601484"
广东省深圳市南山区宝珠花园,"113.957817,22.571077"
广东省深圳市南山区硅谷别墅,"113.956451,22.551585"
广东省深圳市龙华区中航天逸花园,"114.021481,22.627064"
广东省深圳市龙岗区御峰园,"114.148005,22.694131"
广东省深圳市罗湖区丹枫白露苑,"114.139299,22.545340"
广东省深圳市南山区栖游记,"113.933496,22.488018"
广东省深圳市罗湖区安业花园,"114.151276,22.553852"
广东省深圳市罗湖区金色都汇,"114.125524,22.540664"
广东省深圳市龙岗区东方御花园,"114.235216,22.725665"
广东省深圳市南山区天地峰景园,"113.985746,22.559254"
广东省深圳市南山区天鹅堡,"113.979539,22.547659"
广东省深圳市福田区五洲星苑,"114.045494,22.542072"
广东省深圳市南山区缤纷假日,"113.927818,22.520407"
广东省深圳市宝安区金成时代家园,"113.882576,22.562466"
广东省深圳市盐田区东埔海景花园,"114.237786,22.549303"
广东省深圳市龙华区中央原著北区,"114.022535,22.630463"
广东省深圳市龙岗区紫薇苑,"114.240944,22.715973"
广东省深圳市龙岗区来座山,"114.132129,22.623005"
广东省深圳市宝安区桃源居十三区,"113.864620,22.614970"
广东省深圳市龙华区世纪春城一期,"114.034932,22.627259"
广东省深圳市宝安区碧海富通城四期,"113.852843,22.567911"
广东省深圳市龙岗区香林玫瑰花园,"114.225028,22.720301"
广东省深圳市罗湖区新港鸿花园,"114.130525,22.572219"
广东省深圳市龙华区城市阳光花园,"114.017066,22.670939"
广东省深圳市宝安区绿海名苑,"113.866964,22.576821"
广东省深圳市南山区桃源村三期,"113.985586,22.557324"
广东省深圳市罗湖区百仕达花园一期,"114.135221,22.570626"
广东省深圳市福田区嘉葆润金座家园,"114.047756,22.523889"
广东省深圳市福田区越海家园,"114.006826,22.535162"
广东省深圳市罗湖区罗湖金岸,"114.124042,22.533896"
广东省深圳市南山区翡翠明珠,"113.922975,22.533606"
广东省深圳市宝安区西荟城二期,"113.816076,22.733245"
广东省深圳市盐田区倚山时代,"114.263915,22.590096"
广东省深圳市宝安区宝田雅苑,"113.867874,22.581033"
广东省深圳市龙华区观澜豪园,"114.075505,22.722872"
广东省深圳市龙华区水榭春天花园一期,"114.023170,22.629200"
广东省深圳市福田区御花园,"114.074301,22.525666"
广东省深圳市福田区水榭花都三期,"114.037107,22.550133"
广东省深圳市龙岗区嘉欣园,"114.216173,22.710205"
广东省深圳市南山区泛海拉菲花园二期,"113.893403,22.496300"
广东省深圳市福田区港田花园,"114.073479,22.517268"
广东省深圳市南山区麒麟花园2期,"113.928437,22.544712"
广东省深圳市南山区南荔苑,"113.915088,22.512708"
广东省深圳市南山区前海金岸大厦,"113.918102,22.532864"
广东省深圳市罗湖区鹿茵翠地,"114.161036,22.558492"
广东省深圳市罗湖区芳庭苑,"114.150789,22.551669"
广东省深圳市罗湖区沁芳名苑,"114.134274,22.557654"
广东省深圳市南山区观海台,"113.937552,22.514649"
广东省深圳市龙华区丰润花园,"114.028432,22.639379"
广东省深圳市龙岗区万隆苑,"114.121603,22.619157"
广东省深圳市龙华区美丽365,"114.031750,22.663318"
广东省深圳市罗湖区宁水花园,"114.145641,22.561802"
广东省深圳市宝安区恒丰工业城,"113.864670,22.627961"
广东省深圳市宝安区御景湾,"113.874319,22.562184"
广东省深圳市福田区福源花园,"114.053077,22.508751"
广东省深圳市龙岗区旭源瑞景轩,"114.267932,22.711428"
广东省深圳市宝安区灵芝新村,"113.912106,22.558009"
广东省深圳市宝安区冠城世家,"113.904662,22.565742"
广东省深圳市龙岗区宝龙花园,"114.117303,22.604654"
广东省深圳市龙岗区南岭花园,"114.141536,22.602186"
广东省深圳市宝安区花样年花乡,"113.883000,22.565057"
广东省深圳市福田区山语清晖,"114.015887,22.564555"
广东省深圳市罗湖区蓝堡公寓,"114.136039,22.575570"
广东省深圳市龙华区世纪春城四期,"114.035740,22.628790"
广东省深圳市南山区鼎太风华二期,"113.911759,22.520689"
广东省深圳市南山区浅水湾花园,"113.947343,22.522399"
广东省深圳市龙岗区春华四季园,"114.052700,22.621468"
广东省深圳市福田区福兴花园1期,"114.044747,22.569019"
广东省深圳市罗湖区大澎花园,"114.147582,22.545192"
广东省深圳市龙岗区花园4期,"114.157250,22.608511"
广东省深圳市龙岗区桂芳园七期,"114.139476,22.609332"
广东省深圳市罗湖区鹿鸣园,"114.128526,22.575210"
广东省深圳市龙华区美丽365,"114.031750,22.663318"
广东省深圳市盐田区盛世名门家园,"114.229537,22.549183"
广东省深圳市龙岗区栖湖,"114.258394,22.699789"
广东省深圳市宝安区桃源居十七区,"113.862392,22.619906"
广东省深圳市南山区西海明珠花园,"113.930107,22.530574"
广东省深圳市南山区麒麟花园,"113.932403,22.546159"
广东省深圳市宝安区香缤广场,"113.907031,22.561802"
广东省深圳市罗湖区仙桐御景家园,"114.179359,22.565087"
广东省深圳市宝安区中南花园,"113.901752,22.550252"
广东省深圳市龙岗区鸿景春天,"114.291498,22.724707"
广东省深圳市龙岗区鸿威de森林,"114.217065,22.749989"
广东省深圳市龙华区金侨花园,"114.028267,22.653457"
广东省深圳市龙岗区泰雅园,"114.143281,22.616423"
广东省深圳市罗湖区凯悦华庭,"114.126398,22.540064"
广东省深圳市龙华区观湖园,"114.037240,22.744264"
广东省深圳市福田区天健世纪花园,"114.064296,22.546159"
广东省深圳市福田区都市花园,"114.048513,22.530659"
广东省深圳市龙华区碧水龙庭,"114.047245,22.615822"
广东省深圳市龙岗区德兴城,"114.113635,22.608583"
广东省深圳市福田区中银花园,"114.066236,22.547553"
广东省深圳市宝安区桃源居三区,"113.862305,22.613894"
广东省深圳市龙岗区黄阁翠苑,"114.216602,22.713126"
广东省深圳市盐田区东海丽景花园,"114.258678,22.590386"
广东省深圳市龙岗区灏景明苑,"114.131069,22.609315"
广东省深圳市宝安区棕榈堡花园,"113.829454,22.719529"
广东省深圳市龙华区城市明珠花园,"114.028474,22.665991"
广东省深圳市南山区恒立心海湾花园,"113.895098,22.500970"
广东省深圳市龙华区富通天骏花园,"114.022825,22.650684"
广东省深圳市宝安区福永花苑,"113.831113,22.680118"
广东省深圳市罗湖区峰度天下,"114.153373,22.542029"
广东省深圳市龙岗区家和盛世花园,"114.233803,22.722521"
广东省深圳市罗湖区特力大厦,"114.123878,22.571384"
广东省深圳市罗湖区汇展阁,"114.117798,22.534065"
广东省深圳市罗湖区骏庭名园,"114.109997,22.547793"
广东省深圳市罗湖区泰宁花园,"114.140840,22.565691"
广东省深圳市龙华区桦润馨居,"114.026791,22.652876"
广东省深圳市南山区花城北区,"113.965828,22.530641"
广东省深圳市南山区阳光海滨花园,"113.940284,22.490257"
广东省深圳市福田区中泰燕南名庭,"114.093553,22.545096"
广东省深圳市龙岗区理想家园,"114.126842,22.590076"
广东省深圳市南山区新德家园,"113.914705,22.529421"
广东省深圳市南山区英达钰龙园,"113.920828,22.539354"
广东省深圳市南山区南海玫瑰花园二期,"113.924334,22.485267"
广东省深圳市福田区金怡华庭,"114.063558,22.524323"
广东省深圳市龙岗区万科城,"114.073176,22.645133"
广东省深圳市南山区半岛花园a区,"113.934078,22.498548"
广东省深圳市宝安区桃源居五区,"113.867741,22.615544"
广东省深圳市龙华区七里香,"114.025890,22.629655"
广东省深圳市南山区星海名城三期,"113.911966,22.536488"
广东省深圳市盐田区浩海明珠雅居,"114.250431,22.593605"
广东省深圳市龙华区水榭春天花园五期,"114.027871,22.623655"
广东省深圳市福田区四季山水花园二期,"114.046315,22.570558"
广东省深圳市龙华区绿景香颂,"114.034037,22.629224"
广东省深圳市宝安区碧海名园,"113.865010,22.581785"
广东省深圳市龙岗区海逸雅居,"114.227493,22.699758"
广东省深圳市龙岗区卧龙阁,"114.203211,22.649536"
广东省深圳市龙华区星河传奇花园一期,"114.019831,22.632923"
广东省深圳市福田区京基滨河时代广场,"114.026777,22.527884"
广东省深圳市宝安区泰华豪园,"113.882505,22.583190"
广东省深圳市福田区绿茵阁,"114.066798,22.521783"
广东省深圳市宝安区高发西岸花园三期,"113.877727,22.554115"
广东省深圳市福田区碧华庭居,"114.050164,22.563844"
广东省深圳市龙岗区慢城一期,"114.130740,22.623890"
广东省深圳市罗湖区麟腾苑,"114.143500,22.578089"
广东省深圳市罗湖区翠苑住宅小区,"114.137228,22.568029"
广东省深圳市南山区岸芷汀兰花园,"113.951085,22.522197"
广东省深圳市福田区南光名仕苑,"114.064988,22.516241"
广东省深圳市龙岗区豪苑|1,"114.136471,22.682709"
广东省深圳市罗湖区泰和花园,"114.136929,22.583687"
广东省深圳市福田区共和世家,"114.058126,22.521597"
广东省深圳市龙华区熙园山院,"114.025885,22.603309"
广东省深圳市龙岗区尚景花园,"114.245856,22.725938"
广东省深圳市盐田区幸福海,"114.250682,22.589978"
广东省深圳市龙岗区第五园五期,"114.070766,22.613241"
广东省深圳市福田区皇御苑,"114.075556,22.526089"
广东省深圳市罗湖区长丰苑,"114.127211,22.541275"
广东省深圳市福田区长城国际,"114.090224,22.550879"
广东省深圳市南山区麒麟花园,"113.929412,22.545639"
广东省深圳市龙岗区融湖中心城,"114.119218,22.693486"
广东省深圳市南山区熙湾俊庭,"113.948460,22.524945"
广东省深圳市罗湖区华清园,"114.151915,22.553807"
广东省深圳市福田区瑞昌大厦,"114.067591,22.528091"
广东省深圳市福田区枫丹雅苑,"114.023236,22.553615"
广东省深圳市宝安区文汇花园,"113.895401,22.569935"
广东省深圳市福田区骏皇名居,"114.063380,22.516000"
广东省深圳市罗湖区青橙时代公寓,"114.138396,22.583328"
广东省深圳市龙岗区星都豪庭,"114.138235,22.612237"
广东省深圳市福田区宣嘉华庭,"114.066908,22.520291"
广东省深圳市龙岗区阳光翠园,"114.141181,22.600635"
广东省深圳市福田区擎天华庭,"114.044431,22.551122"
广东省深圳市盐田区福苑,"114.230143,22.550687"
广东省深圳市南山区波托菲诺纯水岸十五期,"113.972060,22.548935"
广东省深圳市罗湖区梧桐山新居,"114.174572,22.567993"
广东省深圳市南山区世纪村1期,"113.966176,22.534235"
广东省深圳市罗湖区德兴大厦,"114.118026,22.535131"
广东省深圳市南山区绿海名都,"113.912759,22.529484"
广东省深圳市福田区彩虹新都,"114.068545,22.535844"
广东省深圳市福田区朗庭豪园,"114.059857,22.510622"
广东省深圳市龙岗区欧景花园三期,"114.233319,22.726541"
广东省深圳市宝安区泰华锦绣城,"113.889207,22.570447"
广东省深圳市福田区碧海红树园,"114.022529,22.527180"
广东省深圳市南山区深圳湾畔花园,"113.968336,22.540301"
广东省深圳市罗湖区布心花园一区,"114.139298,22.575407"
广东省深圳市福田区嘉福花园,"114.065806,22.517169"
广东省深圳市罗湖区贝丽花园,"114.125799,22.570251"
广东省深圳市龙岗区一半山,"114.146656,22.602560"
广东省深圳市南山区波托菲诺纯水岸1期,"113.977402,22.545213"
广东省深圳市福田区阁林网苑,"114.092208,22.545961"
广东省深圳市福田区南天大厦,"114.092266,22.554516"
广东省深圳市龙华区日出印象花园a区,"114.026114,22.632689"
广东省深圳市福田区福兴花园2期,"114.045225,22.567275"
广东省深圳市罗湖区华裕花园,"114.132370,22.546139"
广东省深圳市罗湖区风格名苑,"114.109815,22.551088"
广东省深圳市宝安区天悦龙庭二期,"113.887259,22.558393"
广东省深圳市罗湖区金福大厦,"114.130419,22.557670"
广东省深圳市南山区锦绣花园一期,"113.995295,22.534520"
广东省深圳市南山区创世纪滨海花园,"113.930011,22.523781"
广东省深圳市南山区鲸山花园九期,"113.907120,22.478688"
广东省深圳市罗湖区天越翔园,"114.171613,22.563707"
广东省深圳市罗湖区新港鸿花园,"114.130525,22.572219"
广东省深圳市南山区友邻公寓,"113.929740,22.531345"
广东省深圳市福田区绿景花园,"114.041736,22.522221"
广东省深圳市罗湖区城市东座,"114.169814,22.559294"
广东省深圳市罗湖区海丽大厦,"114.131733,22.549751"
广东省深圳市龙岗区春华四季园,"114.052700,22.621468"
广东省深圳市盐田区海滨花园,"114.229633,22.547624"
广东省深圳市福田区中港城,"114.052895,22.516552"
广东省深圳市宝安区万福人家,"113.825581,22.668814"
广东省深圳市南山区阳光里雅居,"113.927352,22.525297"
广东省深圳市龙岗区万科城,"114.067102,22.649015"
广东省深圳市福田区福源花园三期,"114.054565,22.508634"
广东省深圳市罗湖区仙湖枫景家园,"114.169669,22.565961"
广东省深圳市罗湖区港逸豪庭,"114.113368,22.534156"
广东省深圳市南山区翡翠海岸,"113.940752,22.488498"
广东省深圳市罗湖区嘉宾花园,"114.112623,22.540351"
广东省深圳市罗湖区雍翠豪园,"114.177790,22.565515"
广东省深圳市宝安区高发西岸花园一期,"113.876798,22.555652"
广东省深圳市福田区御锦公馆,"114.057900,22.570889"
广东省深圳市宝安区凤凰花苑,"113.830382,22.681507"
广东省深圳市南山区鹏都大厦,"113.928010,22.522426"
广东省深圳市福田区新天世纪商务中心,"114.052984,22.522496"
广东省深圳市宝安区福侨花园,"113.808504,22.671339"
广东省深圳市福田区香格丽苑,"114.012374,22.548973"
广东省深圳市罗湖区百仕达花园一期,"114.135221,22.570626"
广东省深圳市福田区发展兴苑,"114.051836,22.530265"
广东省深圳市福田区缔梦园,"114.042135,22.551777"
广东省深圳市福田区全海花园,"114.043945,22.516527"
广东省深圳市南山区桃源村,"113.985566,22.557416"
广东省深圳市龙岗区溢芳园,"114.123190,22.595860"
广东省深圳市龙华区香缇雅苑,"114.043323,22.642848"
广东省深圳市盐田区南方明珠花园,"114.259888,22.587687"
广东省深圳市龙岗区文雅豪庭,"114.127334,22.611814"
广东省深圳市福田区凯旋豪庭,"114.047092,22.547910"
广东省深圳市南山区前海花园二期,"113.913174,22.533507"
广东省深圳市南山区绿海湾,"113.939460,22.492147"
广东省深圳市福田区万托家园,"114.043215,22.552493"
广东省深圳市南山区招商名仕花园,"113.933206,22.508874"
广东省深圳市罗湖区集建国际名园,"114.123365,22.538724"
广东省深圳市南山区珑御府,"113.949450,22.526236"
广东省深圳市宝安区白金酒店公寓,"113.899878,22.564493"
广东省深圳市龙岗区聚龙苑,"114.271392,22.719612"
广东省深圳市南山区海月花园二期,"113.936245,22.502074"
广东省深圳市罗湖区华丽花园,"114.133688,22.549646"
广东省深圳市龙岗区龙富花园,"114.264040,22.716856"
广东省深圳市龙华区万科金域华府二期,"114.043819,22.598286"
广东省深圳市福田区香珠花园,"114.020172,22.537433"
广东省深圳市龙岗区吉祥来花园,"114.241948,22.708922"
广东省深圳市罗湖区汇锦名园,"114.132439,22.548228"
广东省深圳市福田区润裕山景豪苑,"114.042733,22.566358"
广东省深圳市龙岗区逸翠园,"114.123875,22.593257"
广东省深圳市罗湖区庐峰翠苑,"114.136867,22.550399"
广东省深圳市南山区欧陆经典花园,"113.970653,22.559341"
广东省深圳市宝安区香缇湾花园,"113.858994,22.575653"
广东省深圳市福田区丽港湾,"114.061341,22.510614"
广东省深圳市盐田区天利明园,"114.258435,22.589434"
广东省深圳市罗湖区鸿业苑,"114.132795,22.557115"
广东省深圳市宝安区中粮幸福花园,"113.887598,22.582928"
广东省深圳市南山区锦绣花园,"113.995713,22.533336"
广东省深圳市南山区南国丽城,"113.956624,22.581386"
广东省深圳市福田区宏轩大厦,"114.051586,22.527814"
广东省深圳市南山区太子山庄,"113.906689,22.510428"
广东省深圳市南山区矩建大厦,"113.929209,22.512034"
广东省深圳市南山区花园城一期,"113.922980,22.503570"
广东省深圳市罗湖区友谊大厦,"114.117236,22.538099"
广东省深圳市福田区群星广场,"114.088356,22.548218"
广东省深圳市罗湖区丰湖大厦,"114.120285,22.575457"
广东省深圳市福田区百花园二期,"114.094707,22.552270"
广东省深圳市宝安区翠景花园,"113.874125,22.579917"
广东省深圳市南山区时代骄子,"113.925126,22.528622"
广东省深圳市福田区华茂欣园,"114.048215,22.547091"
广东省深圳市宝安区青春庭园,"113.878807,22.583991"
广东省深圳市宝安区雅豪轩,"113.893614,22.575349"
广东省深圳市龙华区潜龙鑫茂花园b区,"114.042684,22.610708"
广东省深圳市罗湖区翠竹苑,"114.132812,22.558615"
广东省深圳市龙华区金亨利首府,"114.026305,22.618816"
广东省深圳市龙岗区第五园八期,"114.069115,22.611456"
广东省深圳市福田区鹏益花园,"114.094565,22.560168"
广东省深圳市南山区广博星海华庭,"113.935822,22.494590"
广东省深圳市罗湖区鸿园居,"114.134082,22.574020"
广东省深圳市龙岗区天集雅苑,"114.244427,22.730535"
广东省深圳市罗湖区梧桐山新居二期,"114.175187,22.567919"
广东省深圳市福田区辛诚花园,"114.066456,22.531834"
广东省深圳市罗湖区港岛银座,"114.114433,22.545444"
广东省深圳市盐田区水云间,"114.314444,22.599077"
广东省深圳市龙华区皓月花园,"114.044601,22.617463"
广东省深圳市南山区枫叶国际广场,"113.921394,22.516729"
广东省深圳市南山区澳城花园北区,"113.937669,22.488707"
广东省深圳市龙岗区上品雅园,"114.082879,22.632855"
广东省深圳市南山区海印长城小区一期,"113.931536,22.517634"
广东省深圳市罗湖区惠名花园,"114.183562,22.555485"
广东省深圳市宝安区富瑰园,"113.883977,22.582639"
广东省深圳市福田区温馨家园,"114.019528,22.554439"
广东省深圳市龙华区溪山美地园,"114.057646,22.600518"
广东省深圳市龙岗区隆盛花园,"114.202483,22.649894"
广东省深圳市南山区中爱花园,"113.984534,22.560899"
广东省深圳市罗湖区竹园住宅楼,"114.104272,22.570983"
广东省深圳市龙华区银泉花园,"114.026042,22.639643"
广东省深圳市龙华区圣莫丽斯花园,"114.028789,22.598233"
广东省深圳市罗湖区马古岭小区,"114.128977,22.563711"
广东省深圳市宝安区金石雅苑,"113.828556,22.681491"
广东省深圳市福田区皇庭彩园,"114.061345,22.520951"
广东省深圳市南山区鼎太风华一期,"113.913045,22.520766"
广东省深圳市南山区东方银座,"113.915807,22.529078"
广东省深圳市罗湖区文锦大厦,"114.131731,22.542895"
广东省深圳市南山区瑞河耶纳,"113.976236,22.526357"
广东省深圳市南山区中旅广场,"113.982498,22.536877"
广东省深圳市龙岗区华浩源a区,"114.124794,22.622882"
广东省深圳市罗湖区信兴广场,"114.110704,22.542747"
广东省深圳市龙华区风和日丽三期,"114.031000,22.640200"
广东省深圳市龙华区汇龙湾花园,"114.028162,22.622016"
广东省深圳市宝安区时代景苑,"113.829496,22.679834"
广东省深圳市龙华区丹枫雅苑,"114.030931,22.654542"
广东省深圳市罗湖区布心花园二区,"114.141027,22.574576"
广东省深圳市龙岗区顺景花园,"114.227533,22.702207"
广东省深圳市盐田区泊郡雅苑,"114.260760,22.584995"
广东省深圳市罗湖区汇泰大厦,"114.122018,22.534228"
广东省深圳市福田区七街公馆,"114.032570,22.557710"
广东省深圳市南山区科苑学里,"113.952572,22.549846"
广东省深圳市龙岗区中加名园,"114.121888,22.592852"
广东省深圳市罗湖区鹏兴花园三期,"114.167446,22.562098"
广东省深圳市宝安区白金时代公寓,"113.897009,22.565874"
广东省深圳市龙岗区朝阳里雅苑,"114.235430,22.719770"
广东省深圳市龙华区七里香,"114.025890,22.629655"
广东省深圳市宝安区天御豪庭,"113.890498,22.552855"
广东省深圳市龙华区金地梅陇镇三期,"114.032759,22.629158"
广东省深圳市罗湖区聚福花园,"114.172080,22.560876"
广东省深圳市龙岗区余岭山庄,"114.241058,22.709497"
广东省深圳市龙岗区锦城星苑,"114.279910,22.745996"
广东省深圳市福田区南光紫荆苑,"114.058448,22.509555"
广东省深圳市龙华区金地梅陇镇花园,"114.032300,22.629926"
广东省深圳市南山区玫瑰园一期,"113.920528,22.483556"
广东省深圳市龙岗区欧景花园二期,"114.233003,22.724290"
广东省深圳市南山区仓前锦福苑,"113.919470,22.527548"
广东省深圳市龙华区风和日立,"114.029371,22.641637"
广东省深圳市南山区城市假日花园,"113.978031,22.563005"
广东省深圳市龙岗区瑞华园,"114.232478,22.727473"
广东省深圳市罗湖区集浩花园,"114.135521,22.549627"
广东省深圳市罗湖区嘉宝田花园,"114.111166,22.558018"
广东省深圳市盐田区新世界倚山花园二期,"114.237198,22.561410"
广东省深圳市南山区雅仕荔景苑,"113.926989,22.510949"
广东省深圳市福田区皇城广场,"114.075206,22.525609"
广东省深圳市福田区帝涛豪园,"114.058361,22.510151"
广东省深圳市南山区泛海拉菲花园1期,"113.894306,22.499458"
广东省深圳市南山区荔林春晓小区,"113.925090,22.538078"
广东省深圳市龙华区阳光新境园,"114.031415,22.628286"
广东省深圳市南山区世界花园海华居,"113.974727,22.539801"
广东省深圳市南山区滨福庭园,"113.948473,22.526241"
广东省深圳市宝安区创业二村,"113.919935,22.586369"
广东省深圳市罗湖区深发花园,"114.138548,22.545864"
广东省深圳市福田区信托花园,"114.052616,22.526867"
广东省深圳市罗湖区俊园,"114.131503,22.551318"
广东省深圳市宝安区泰华俊庭,"113.894407,22.563639"
广东省深圳市福田区康乐大厦,"114.087404,22.542495"
广东省深圳市福田区都会,"114.084571,22.541321"
广东省深圳市龙华区日出印象花园b区,"114.023718,22.634032"
广东省深圳市南山区瑞景华庭,"113.909427,22.513858"
广东省深圳市南山区南海大厦,"113.923135,22.520033"
广东省深圳市罗湖区玉雅居,"114.185288,22.555888"
广东省深圳市南山区阳光棕榈园,"113.912792,22.525985"
广东省深圳市南山区爱榕园住宅楼,"113.929868,22.499763"
广东省深圳市龙华区梅花山庄,"114.044495,22.624169"
广东省深圳市福田区国都高尔夫花园,"114.047083,22.530637"
广东省深圳市盐田区心海伽蓝,"114.308751,22.600875"
广东省深圳市盐田区优品艺墅,"114.303994,22.599741"
广东省深圳市龙岗区理想新城,"114.126362,22.589159"
广东省深圳市龙华区莱蒙春天花园,"114.026829,22.626613"
广东省深圳市龙岗区翠湖山庄,"114.202012,22.640703"
广东省深圳市南山区文德福花园,"113.932949,22.506000"
广东省深圳市福田区桂花苑,"114.048436,22.508905"
广东省深圳市罗湖区美荔园,"114.105194,22.546253"
广东省深圳市龙岗区海雅广场,"114.230011,22.729839"
广东省深圳市龙岗区名门世家,"114.207155,22.648994"
广东省深圳市龙华区世纪春城三期,"114.033751,22.626740"
广东省深圳市罗湖区龙园苑,"114.137691,22.542540"
广东省深圳市盐田区天麓3区,"114.289374,22.615697"
广东省深圳市罗湖区新秀村南区,"114.143818,22.544628"
广东省深圳市南山区美加广场,"113.977749,22.538296"
广东省深圳市盐田区东海丽景花园,"114.258089,22.590196"
广东省深圳市龙岗区南景苑,"114.145178,22.613534"
广东省深圳市宝安区登科花园,"113.885016,22.568878"
广东省深圳市罗湖区翠盈嘉园,"114.122893,22.557289"
广东省深圳市福田区美晨苑,"114.060936,22.514929"
广东省深圳市南山区云海天城,"113.931974,22.513193"
广东省深圳市福田区凯丰花园二期,"114.064791,22.567236"
广东省深圳市福田区益田花园,"114.056759,22.515228"
广东省深圳市南山区鸣溪谷,"113.915994,22.496916"
广东省深圳市龙华区龙泉花园,"114.026560,22.650653"
广东省深圳市龙岗区信义嘉御山,"114.058528,22.635734"
广东省深圳市南山区米兰公寓,"113.927665,22.491062"
广东省深圳市龙华区福景花园,"114.022973,22.648233"
广东省深圳市龙岗区育龙庭,"114.253362,22.728797"
广东省深圳市南山区光彩新世纪家园,"113.923610,22.523420"
广东省深圳市南山区海境界家园一期,"113.935207,22.491844"
广东省深圳市南山区前海明珠,"113.915176,22.523721"
广东省深圳市福田区康欣园,"114.038067,22.553424"
广东省深圳市南山区翠薇园,"113.928057,22.498566"
广东省深圳市龙岗区又一村花园,"114.108361,22.608081"
广东省深圳市南山区博海名苑,"113.953318,22.523795"
广东省深圳市南山区月亮湾花园,"113.889982,22.492902"
广东省深圳市龙岗区长江花园,"114.235625,22.730139"
广东省深圳市福田区百花公寓,"114.092196,22.551767"
广东省深圳市龙华区风和日丽花园,"114.027888,22.639909"
广东省深圳市宝安区富华花园,"113.881027,22.564203"
广东省深圳市福田区百花园一期,"114.095073,22.553555"
广东省深圳市龙岗区和兴花园,"114.229305,22.720382"
广东省深圳市罗湖区富达花园,"114.172364,22.564955"
广东省深圳市龙岗区万科城二期,"114.068550,22.644870"
广东省深圳市罗湖区美思苑大厦,"114.132647,22.566642"
广东省深圳市福田区天健阳光华苑,"114.055710,22.525039"
广东省深圳市宝安区俊景豪园,"113.805012,22.709121"
广东省深圳市福田区晨晖家园,"114.061142,22.520034"
广东省深圳市南山区如意家园,"113.922034,22.531533"
广东省深圳市南山区前海花园三期,"113.910840,22.533668"
广东省深圳市宝安区兴华花园,"113.865300,22.579943"
广东省深圳市罗湖区仙桐合正锦园,"114.177276,22.563378"
广东省深圳市福田区福莲花园,"114.068126,22.546715"
广东省深圳市福田区东方玫瑰花园,"114.041683,22.540462"
广东省深圳市宝安区富盈门花园,"113.889665,22.586068"
广东省深圳市南山区蔚蓝海岸社区四期,"113.932962,22.507583"
广东省深圳市盐田区海怡轩,"114.304440,22.595936"
广东省深圳市福田区景蜜村,"114.038192,22.555496"
广东省深圳市福田区彩田村,"114.062307,22.560773"
广东省深圳市罗湖区金众经典家园,"114.108619,22.550799"
广东省深圳市盐田区裕达华庭,"114.256111,22.591232"
广东省深圳市罗湖区聚宝华府,"114.168874,22.562984"
广东省深圳市龙华区幸福城,"114.038292,22.659025"
广东省深圳市南山区伍兹公寓,"113.914804,22.479987"
广东省深圳市福田区银泰苑,"114.064400,22.515560"
广东省深圳市南山区南粤明珠,"113.933743,22.514394"
广东省深圳市龙岗区特丰综合楼,"114.252965,22.711463"
广东省深圳市龙岗区美杜兰华庭,"114.115880,22.607849"
广东省深圳市罗湖区中信星光名庭,"114.122241,22.555144"
广东省深圳市宝安区梧桐,"113.839344,22.606583"
广东省深圳市龙岗区金运家园,"114.121774,22.607929"
广东省深圳市福田区天宝物华,"114.020552,22.542291"
广东省深圳市南山区南油a区,"113.926257,22.509641"
广东省深圳市福田区香荔花园,"114.018613,22.541067"
广东省深圳市盐田区诗宁大厦,"114.234638,22.551011"
广东省深圳市福田区明月花园,"114.055196,22.524461"
广东省深圳市宝安区翠景居,"113.876383,22.589168"
广东省深圳市龙华区锦绣江南三期,"114.028971,22.637858"
广东省深圳市宝安区宝民花园,"113.888775,22.577134"
广东省深圳市南山区纯海岸雅居,"113.952437,22.522868"
广东省深圳市罗湖区中海苑,"114.134915,22.571224"
广东省深圳市福田区伟柏花园,"114.066496,22.528296"
广东省深圳市南山区锦绣花园三期,"113.995790,22.535004"
广东省深圳市福田区国城花园,"114.095080,22.550878"
广东省深圳市南山区滨福世纪广场,"113.949442,22.524986"
广东省深圳市南山区美墅蓝山家园,"113.931730,22.520792"
广东省深圳市盐田区海滨假日雅居,"114.273571,22.586946"
广东省深圳市南山区育德佳园,"113.933434,22.511045"
广东省深圳市南山区百富大厦,"113.925420,22.510479"
广东省深圳市龙岗区知春里,"114.139414,22.617423"
广东省深圳市龙华区中航阳光新苑,"114.040008,22.601185"
广东省深圳市福田区新天国际名苑,"114.025586,22.552001"
广东省深圳市盐田区鹏湾花园,"114.236225,22.553059"
广东省深圳市龙岗区振业城,"114.179195,22.638544"
广东省深圳市南山区高山花园,"113.916140,22.500954"
广东省深圳市南山区假日湾华庭,"113.977732,22.539610"
广东省深圳市南山区福海苑,"113.917377,22.522321"
广东省深圳市宝安区新安湖花园,"113.907412,22.563846"
广东省深圳市宝安区金海华府,"113.895365,22.581952"
广东省深圳市南山区侨城馨苑,"113.967071,22.549004"
广东省深圳市宝安区海滨城广场,"113.891489,22.562697"
广东省深圳市福田区香榭里花园,"114.019905,22.543768"
广东省深圳市福田区南溪新苑,"114.046270,22.521819"
广东省深圳市福田区天健名苑,"114.048463,22.546220"
广东省深圳市盐田区湖心岛,"114.307946,22.597305"
广东省深圳市龙华区美丽365,"114.031750,22.663318"
广东省深圳市龙岗区金洲嘉丽园,"114.071200,22.633447"
广东省深圳市福田区梅兴苑,"114.049444,22.566475"
广东省深圳市宝安区碧海富通城六期,"113.857430,22.567769"
广东省深圳市福田区云顶翠峰二期,"114.060737,22.518327"
广东省深圳市盐田区麓港国际,"114.253923,22.587866"
广东省深圳市龙华区金地梅陇镇花园一期,"114.030830,22.631079"
广东省深圳市福田区雅福居,"114.006938,22.548231"
广东省深圳市福田区天健铂庭,"114.054140,22.509130"
广东省深圳市福田区园中花园,"114.099392,22.552831"
广东省深圳市罗湖区南洋大厦,"114.116720,22.539546"
广东省深圳市南山区怡海广场,"113.925001,22.516300"
广东省深圳市福田区东部华侨城天麓六区,"114.033109,22.531172"
广东省深圳市南山区港湾丽都花园,"113.914520,22.531172"
广东省深圳市宝安区天健时尚空间名苑,"113.889356,22.549508"
广东省深圳市福田区香蜜苑,"114.019002,22.555924"
广东省深圳市南山区海月华庭,"113.936040,22.498476"
广东省深圳市南山区米兰第二季公寓,"113.928397,22.490313"
广东省深圳市南山区官龙名苑,"113.945826,22.589733"
广东省深圳市宝安区里仁府,"113.886008,22.564978"
广东省深圳市福田区星河明居,"114.053023,22.522568"
广东省深圳市福田区阳光四季,"114.051325,22.526303"
广东省深圳市南山区前海天朗风清家园,"113.912425,22.529382"
广东省深圳市龙岗区森雅谷,"114.228074,22.676384"
广东省深圳市龙岗区龙珠花园龙威豪庭,"114.123402,22.601505"
广东省深圳市龙岗区荣兴大厦,"114.070447,22.626703"
广东省深圳市罗湖区蓝馨苑,"114.129885,22.551339"
广东省深圳市南山区青春家园,"113.928571,22.517109"
广东省深圳市宝安区福中福花园,"113.872895,22.563814"
广东省深圳市宝安区富通好旺角,"113.889225,22.557714"
广东省深圳市南山区世纪广场,"113.922713,22.506172"
广东省深圳市福田区瑞和园,"114.055914,22.523589"
广东省深圳市罗湖区名泰轩,"114.150055,22.550661"
广东省深圳市龙华区金地塞拉维花园,"114.057910,22.695193"
广东省深圳市福田区侨福大厦,"114.044056,22.541379"
广东省深圳市南山区十五峰花园二期,"113.979185,22.564580"
广东省深圳市福田区碧云天,"114.037123,22.560366"
广东省深圳市南山区纯水岸七期,"113.976176,22.548838"
广东省深圳市龙华区美花园,"114.031799,22.641560"
广东省深圳市盐田区云深处,"114.226210,22.558455"
广东省深圳市罗湖区日豪名园,"114.109638,22.549096"
广东省深圳市罗湖区鹏基工业区,"114.164204,22.560457"
广东省深圳市龙岗区和通花园,"114.140742,22.614216"
广东省深圳市宝安区风临洲苑,"113.889324,22.558974"
广东省深圳市龙华区招商澜园,"114.046868,22.685397"
广东省深圳市南山区名家富居,"113.926455,22.542304"
广东省深圳市宝安区融景园,"113.889291,22.563847"
广东省深圳市罗湖区颖隆大厦,"114.119826,22.579890"
广东省深圳市宝安区金叶茗苑,"113.886140,22.567651"
广东省深圳市龙岗区横岭南路,"114.344404,22.766637"
广东省深圳市南山区海滨花园,"113.917837,22.485145"
广东省深圳市南山区南油福临苑,"113.923844,22.527213"
广东省深圳市福田区缇香名苑,"114.041295,22.544897"
广东省深圳市南山区城市印象,"113.932588,22.520951"
广东省深圳市福田区万泽云顶尚品花园,"114.016094,22.562325"
广东省深圳市龙华区中航格澜郡二期,"114.048013,22.692493"
广东省深圳市罗湖区铂金时代公寓,"114.122194,22.535685"
广东省深圳市罗湖区金洲花园,"114.133397,22.587841"
广东省深圳市宝安区广信花园,"113.894370,22.571890"
广东省深圳市南山区荔园大厦,"113.924931,22.524376"
广东省深圳市龙岗区丽廷豪苑,"114.113125,22.606070"
广东省深圳市福田区盛世家园,"114.067029,22.560446"
广东省深圳市罗湖区峰景台大厦,"114.140291,22.554972"
广东省深圳市罗湖区百怡苑,"114.134724,22.570384"
广东省深圳市盐田区瀚海东岸家园,"114.231797,22.550968"
广东省深圳市龙华区世纪春城,"114.033858,22.622778"
广东省深圳市南山区愉康大厦,"113.924964,22.527752"
广东省深圳市宝安区西城品阁,"113.892918,22.577348"
广东省深圳市龙岗区城市花园,"114.239675,22.726866"
广东省深圳市福田区锦林新居,"114.039860,22.562839"
广东省深圳市南山区铭筑荔苑,"113.909486,22.510693"
广东省深圳市龙岗区第五园,"114.069153,22.611861"
广东省深圳市罗湖区合正锦湖逸园,"114.123529,22.557395"
广东省深圳市南山区卓越维港,"113.941249,22.497786"
广东省深圳市宝安区瑞翔居,"113.852163,22.603960"
广东省深圳市福田区水榭花都,"114.037050,22.548594"
广东省深圳市罗湖区英达花园,"114.121871,22.576095"
广东省深圳市龙华区美丽aaa花园,"114.021508,22.653343"
广东省深圳市福田区香蜜湖豪庭,"114.024176,22.551934"
广东省深圳市龙岗区龙泉别墅,"114.144125,22.615601"
广东省深圳市宝安区天悦龙庭,"113.887167,22.557577"
广东省深圳市福田区宝瑞轩,"114.060102,22.510095"
广东省深圳市南山区纯水岸九期,"113.975004,22.549050"
广东省深圳市南山区海阔天空雅居,"113.944954,22.525742"
广东省深圳市宝安区弘雅花园二期,"113.893674,22.572240"
广东省深圳市罗湖区泰宁花园,"114.140934,22.565880"
广东省深圳市福田区金茂礼都,"114.091329,22.545902"
广东省深圳市宝安区凤凰雅居,"113.876179,22.594910"
广东省深圳市盐田区棕榈湾,"114.236671,22.546901"
广东省深圳市福田区嘉鑫阳光雅居,"114.046519,22.571653"
广东省深圳市宝安区宝雅花园,"113.916836,22.573037"
广东省深圳市盐田区海天一色,"114.243324,22.554576"
广东省深圳市龙华区万家灯火,"114.054750,22.600343"
广东省深圳市福田区云顶翠峰三期,"114.059495,22.518988"
广东省深圳市南山区南山豪庭,"113.918058,22.539491"
广东省深圳市盐田区海景花园,"114.236755,22.550428"
广东省深圳市龙华区馨园小区,"114.040860,22.623431"
广东省深圳市南山区深蓝公寓,"113.928388,22.512844"
广东省深圳市南山区百分百公寓,"113.928481,22.526173"
广东省深圳市宝安区锦明花园,"113.856055,22.577013"
广东省深圳市宝安区理想居,"113.887000,22.566625"
广东省深圳市龙岗区国都花园,"114.118228,22.605600"
广东省深圳市福田区福民佳园,"114.065582,22.522574"
广东省深圳市福田区凯丰花园,"114.064544,22.567406"
广东省深圳市福田区聚豪园,"114.045810,22.546189"
广东省深圳市福田区尚书苑,"114.037626,22.562898"
广东省深圳市罗湖区碧湖花园,"114.120568,22.557583"
广东省深圳市南山区后海雅园,"113.936079,22.493248"
广东省深圳市罗湖区广岭家园,"114.154725,22.555181"
广东省深圳市南山区侨香诺园,"113.974185,22.551823"
广东省深圳市南山区后海公馆,"113.937373,22.491419"
广东省深圳市南山区海晖大厦,"113.925628,22.507949"
广东省深圳市南山区天源大厦,"113.922377,22.521946"
广东省深圳市龙岗区大世纪花园三期,"114.126718,22.612274"
广东省深圳市盐田区山海阳光园,"114.222218,22.556973"
广东省深圳市南山区龙联花园,"113.962585,22.569223"
广东省深圳市南山区花果山小区,"113.925178,22.493300"
广东省深圳市福田区安通花园,"114.047403,22.552429"
广东省深圳市龙岗区鸿润豪苑,"114.152671,22.603221"
广东省深圳市龙岗区加洲花园,"114.136838,22.591613"
广东省深圳市龙岗区鸿景豪苑,"114.129866,22.610563"
广东省深圳市南山区碧海天家园,"113.930073,22.513600"
广东省深圳市罗湖区湖景大厦,"114.123451,22.565260"
广东省深圳市南山区心语雅园,"113.912034,22.516630"
广东省深圳市南山区物资公司宿舍,"113.919573,22.531801"
广东省深圳市南山区前海花园一期,"113.913871,22.533667"
广东省深圳市龙岗区吉星花园,"114.117711,22.594134"
广东省深圳市福田区嘉隆星苑,"114.030757,22.555699"
广东省深圳市龙岗区绿色高尔夫天籁山庄,"114.279140,22.726440"
广东省深圳市福田区颐林雅院一期,"114.060050,22.570750"
广东省深圳市福田区恒福花园,"114.067636,22.527077"
广东省深圳市南山区龙都花园,"113.959737,22.569316"
广东省深圳市南山区瑞铧苑,"113.932961,22.512431"
广东省深圳市龙岗区雅庭名苑,"114.228797,22.700531"
广东省深圳市龙岗区愉园新苑,"114.237579,22.720039"
广东省深圳市龙华区壹城中心花园,"114.028028,22.649074"
广东省深圳市南山区豪方现代豪园,"113.935133,22.545437"
广东省深圳市福田区香逸名园,"114.040744,22.542584"
广东省深圳市南山区紫竹园,"113.925733,22.504086"
广东省深圳市龙华区大信花园,"114.021391,22.649079"
广东省深圳市盐田区东部华侨城天麓,"114.295063,22.608600"
广东省深圳市龙岗区龙岸花园,"114.056834,22.615852"
广东省深圳市宝安区新锦安雅园,"113.903639,22.549284"
广东省深圳市福田区鸣泉居,"114.012043,22.548327"
广东省深圳市龙华区南国丽园,"114.029461,22.653688"
广东省深圳市宝安区西城丰和家园,"113.878836,22.586832"
广东省深圳市宝安区泰华大厦,"113.899570,22.573033"
广东省深圳市罗湖区翠都花园,"114.129635,22.557407"
广东省深圳市福田区华茂苑,"114.057907,22.563535"
广东省深圳市福田区香雅园,"114.022831,22.555442"
广东省深圳市南山区蓝漪花园,"113.927780,22.485060"
广东省深圳市福田区香蜜湖瀚城,"114.021640,22.555415"
广东省深圳市罗湖区金鼎大厦,"114.124895,22.541381"
广东省深圳市龙华区锦绣御园一期,"114.028386,22.660546"
广东省深圳市罗湖区源兴居,"114.122580,22.562388"
广东省深圳市龙岗区中海日辉台,"114.068029,22.640741"
广东省深圳市龙岗区金桔苑,"114.151545,22.604126"
广东省深圳市龙华区可乐园,"113.999412,22.664085"
广东省深圳市罗湖区萃峰阁,"114.158677,22.555948"
广东省深圳市宝安区深业新岸线二期,"113.875970,22.557132"
广东省深圳市罗湖区罗湖大厦,"114.117559,22.536555"
广东省深圳市福田区星河雅居,"114.044673,22.524050"
广东省深圳市盐田区东埔海景花园,"114.237786,22.549303"
广东省深圳市南山区浪琴屿花园,"113.935850,22.513830"
广东省深圳市南山区京光海景花园,"113.930437,22.506025"
广东省深圳市福田区中央花园,"114.052523,22.523323"
广东省深圳市南山区南海城中心,"113.922983,22.518429"
广东省深圳市宝安区御景台,"113.912174,22.560509"
广东省深圳市南山区水木丹华园,"113.989480,22.591655"
广东省深圳市南山区山海翠庐,"113.904690,22.508119"
广东省深圳市南山区心语家园,"113.910234,22.514601"
广东省深圳市南山区万裕椰风海岸家园,"113.910892,22.531400"
广东省深圳市南山区侨城豪苑,"113.968796,22.541603"
广东省深圳市福田区绿景新苑,"114.045820,22.523632"
广东省深圳市罗湖区谱心苑,"114.132868,22.587198"
广东省深圳市盐田区东海岸二期,"114.299534,22.601095"
广东省深圳市南山区万豪御景苑,"113.892391,22.487439"
广东省深圳市龙岗区祥云苑,"114.141867,22.607072"
广东省深圳市福田区景新花园,"114.047291,22.554535"
广东省深圳市南山区旺海怡苑,"113.917726,22.536598"
广东省深圳市福田区合正名园,"114.044339,22.542467"
广东省深圳市福田区龙轩豪庭,"114.062065,22.520509"
广东省深圳市南山区锦绣花园四期,"113.994871,22.536991"
广东省深圳市龙岗区月朗苑,"114.066753,22.615423"
广东省深圳市龙岗区满庭芳,"114.140517,22.695272"
广东省深圳市南山区汉京峰景苑,"113.920113,22.505386"
广东省深圳市龙华区新阳丽舍,"114.051319,22.637739"
广东省深圳市南山区半岛花园a区,"113.934280,22.499775"
广东省深圳市龙华区中环花园,"114.023632,22.649737"
广东省深圳市宝安区海湾明珠一期,"113.860613,22.575038"
广东省深圳市南山区美丽湾,"113.920649,22.511533"
广东省深圳市盐田区海语东园,"114.304486,22.599826"
广东省深圳市龙岗区尚景欣园,"114.251183,22.729271"
广东省深圳市罗湖区东湖豪庭,"114.144899,22.576839"
广东省深圳市福田区福民新村,"114.069595,22.523808"
广东省深圳市福田区特发小区,"114.030278,22.554936"
广东省深圳市南山区南水小区,"113.922787,22.487811"
广东省深圳市福田区润华苑,"114.041925,22.567007"
广东省深圳市龙华区东华明珠园,"114.031954,22.653086"
广东省深圳市南山区华侨城,"113.992885,22.537265"
广东省深圳市南山区月亮湾山庄,"113.888305,22.489940"
广东省深圳市南山区桂园小区,"113.930250,22.503019"
广东省深圳市南山区悠然天地家园,"113.926793,22.538754"
广东省深圳市福田区桑达大厦,"114.089331,22.544915"
广东省深圳市南山区世纪村3期,"113.964787,22.532200"
广东省深圳市龙岗区紫薇阁,"114.141411,22.615088"
广东省深圳市罗湖区正锦园,"114.177276,22.563378"
广东省深圳市罗湖区碧中园,"114.141921,22.561886"
广东省深圳市宝安区风尚时代,"113.891851,22.576727"
广东省深圳市福田区紫光名苑,"114.067569,22.524167"
广东省深圳市福田区景秀年华,"114.031167,22.557215"
广东省深圳市福田区栖棠映山花园,"114.015146,22.562887"
广东省深圳市福田区宝田苑,"114.060264,22.514553"
广东省深圳市南山区世纪假日广场,"113.972619,22.538374"
广东省深圳市南山区东海万豪广场,"113.950721,22.525020"
广东省深圳市龙岗区京南华庭,"114.122303,22.599417"
广东省深圳市龙华区美丽家园南区,"114.034360,22.656487"
广东省深圳市南山区大南山紫园,"113.897989,22.495884"
广东省深圳市南山区春树里,"113.934260,22.486566"
广东省深圳市福田区物业时代新居,"114.050227,22.518079"
广东省深圳市宝安区西海岸花园,"113.888683,22.563422"
广东省深圳市龙华区福安阁,"114.021955,22.715642"
广东省深圳市南山区南山花园,"113.896152,22.498040"
广东省深圳市罗湖区宝丽大厦,"114.110442,22.546914"
广东省深圳市南山区卓越维港,"113.941249,22.497786"
广东省深圳市福田区航天立业华庭,"114.094778,22.543825"
广东省深圳市南山区学府花园,"113.925741,22.526331"
广东省深圳市南山区皇庭港湾,"113.941953,22.491765"
广东省深圳市龙华区绿茵华庭,"114.025982,22.664873"
广东省深圳市南山区天悦园,"113.930036,22.517052"
广东省深圳市龙华区文康楼,"114.033354,22.634957"
广东省深圳市龙岗区怡乐花园,"114.142917,22.620825"
广东省深圳市宝安区富怡花园,"113.899607,22.559855"
广东省深圳市福田区福景大厦,"114.069024,22.544357"
广东省深圳市坪山区丹梓龙庭,"114.394886,22.741885"
广东省深圳市宝安区宝城花园,"113.870534,22.568077"
广东省深圳市罗湖区深宝公司宿舍,"114.125488,22.563495"
广东省深圳市福田区嘉麟豪庭,"114.066654,22.538933"
广东省深圳市南山区缤纷年华家园,"113.928466,22.542568"
广东省深圳市龙岗区富康苑,"114.253260,22.721949"
广东省深圳市福田区嘉洲豪园二期,"114.044100,22.526939"
广东省深圳市南山区深航飞行员公寓,"113.925889,22.526543"
广东省深圳市罗湖区翠苑大厦,"114.137782,22.568649"
广东省深圳市福田区凯伦花园,"114.063129,22.565365"
广东省深圳市宝安区御龙居,"113.889067,22.590847"
广东省深圳市南山区丽湾国际公寓,"113.891503,22.495638"
广东省深圳市罗湖区云景豪园,"114.126797,22.540193"
广东省深圳市龙华区城市明珠花园,"114.028474,22.665991"
广东省深圳市龙华区美丽家园北区,"114.033270,22.657984"
广东省深圳市南山区曦湾华府,"113.941304,22.501607"
广东省深圳市南山区荔海春城花园,"113.916430,22.505910"
广东省深圳市龙岗区紫薇苑,"114.240944,22.715973"
广东省深圳市龙岗区南油花园,"114.110156,22.696730"
广东省深圳市宝安区山语华庭,"113.897948,22.589369"
广东省深圳市龙岗区华浩源b区,"114.126569,22.623207"
广东省深圳市龙岗区威凤山庄,"114.145490,22.696603"
广东省深圳市南山区金钟大厦,"113.928886,22.517873"
广东省深圳市福田区市政大院,"114.043058,22.548100"
广东省深圳市南山区南新苑,"113.918616,22.521667"
广东省深圳市宝安区安泰花园,"113.872827,22.568411"
广东省深圳市罗湖区曦龙山庄,"114.155652,22.550204"
广东省深圳市盐田区天富花园,"114.231094,22.549060"
广东省深圳市福田区景田天健花园,"114.033745,22.557085"
广东省深圳市福田区福泉花园,"114.065116,22.526577"
广东省深圳市罗湖区莲花阁,"114.169822,22.561107"
广东省深圳市南山区汇宾广场,"113.917421,22.509437"
广东省深圳市福田区里奥de花园,"114.065826,22.527718"
广东省深圳市罗湖区钻石时代,"114.128889,22.542025"
广东省深圳市福田区星河华居,"114.070807,22.523709"
广东省深圳市福田区缔梦园,"114.042135,22.551777"
广东省深圳市南山区天海花园,"113.934005,22.512170"
广东省深圳市南山区朗苑,"113.960901,22.569655"
广东省深圳市南山区硅谷别墅,"113.956451,22.551585"
广东省深圳市宝安区碧湾雅园,"113.869344,22.565368"
广东省深圳市南山区东滨华苑,"113.926097,22.505554"
广东省深圳市南山区向南西海花园,"113.918501,22.522379"
广东省深圳市南山区爱榕园二期,"113.930812,22.500815"
广东省深圳市南山区海韵嘉园,"113.924419,22.486078"
广东省深圳市福田区青莲公寓,"114.057702,22.561351"
广东省深圳市宝安区福中福幸福海岸,"113.878401,22.559262"
广东省深圳市宝安区品尚居,"113.891712,22.573366"
广东省深圳市南山区招商桃花园二期,"113.917532,22.502596"
广东省深圳市南山区龟山花园别墅,"113.909520,22.485593"
广东省深圳市罗湖区心怡花园,"114.138888,22.582419"
广东省深圳市南山区东帝海景家园,"113.935903,22.489661"
广东省深圳市龙华区康华苑,"114.026249,22.651586"
广东省深圳市龙岗区友联花园,"114.139800,22.617898"
广东省深圳市盐田区山海华庭,"114.231320,22.549399"
广东省深圳市罗湖区花半里雅筑,"114.121025,22.579759"
广东省深圳市宝安区泰华花园,"113.898364,22.573554"
广东省深圳市罗湖区佳宁娜友谊广场,"114.119591,22.536913"
广东省深圳市南山区桂园住宅一区,"113.929461,22.502036"
广东省深圳市龙华区康乐花园,"114.028909,22.657394"
广东省深圳市龙华区大信花园,"114.021391,22.649079"
广东省深圳市南山区世纪村2期,"113.964360,22.533840"
广东省深圳市福田区玮鹏花园,"114.094626,22.542192"
广东省深圳市龙岗区鸿进花园,"114.242631,22.710922"
广东省深圳市南山区龙城花园,"113.927921,22.511399"
广东省深圳市罗湖区金园,"114.110080,22.554726"
广东省深圳市罗湖区松泉阁,"114.126580,22.577690"
广东省深圳市龙岗区万科金色半山,"114.088274,22.630377"
广东省深圳市龙华区碧波花园,"114.024105,22.648893"
广东省深圳市南山区东方美地苑,"113.918941,22.538128"
广东省深圳市福田区海康大厦,"114.061386,22.567847"
广东省深圳市福田区金地海景花园a区,"114.041749,22.516034"
广东省深圳市福田区景田西,"114.041071,22.556816"
广东省深圳市宝安区泰安花园,"113.886515,22.565099"
广东省深圳市福田区景源华庭,"114.067526,22.524873"
广东省深圳市福田区竹盛花园三期,"114.005400,22.536290"
广东省深圳市龙岗区十二橡树庄园二期,"114.067467,22.624271"
广东省深圳市宝安区福华大厦,"113.822036,22.670512"
广东省深圳市福田区福昌苑,"114.043082,22.525246"
广东省深圳市龙华区汇龙苑,"114.042145,22.603700"
广东省深圳市福田区天一名居,"114.047065,22.555156"
广东省深圳市福田区皇庭居,"114.056047,22.566772"
广东省深圳市福田区荔林苑,"114.017747,22.541154"
广东省深圳市南山区桑泰丹华园三期,"113.965744,22.587658"
广东省深圳市福田区缔馨园,"114.051643,22.525267"
广东省深圳市福田区台湾花园,"114.102545,22.537155"
广东省深圳市龙华区玉华花园,"114.027004,22.640674"
广东省深圳市盐田区东和大厦,"114.235210,22.551239"
广东省深圳市福田区上梅林家园,"114.052995,22.565358"
广东省深圳市宝安区碧涛阁,"113.886557,22.564356"
广东省深圳市龙华区优品建筑,"114.022162,22.647571"
广东省深圳市福田区香荟雅苑,"114.024024,22.551691"
广东省深圳市宝安区海语西湾花园,"113.866003,22.556730"
广东省深圳市南山区保利城花园,"113.928765,22.516106"
广东省深圳市福田区澳新亚大厦,"114.068731,22.532294"
广东省深圳市南山区郁金香家园,"113.981566,22.561625"
广东省深圳市宝安区碧馨苑,"113.863045,22.566100"
广东省深圳市南山区卓越维港北区,"113.941249,22.497786"
广东省深圳市南山区梦想家园,"113.927001,22.512044"
广东省深圳市罗湖区华丽西村,"114.134958,22.550715"
广东省深圳市福田区长乐花园,"114.091072,22.553191"
广东省深圳市罗湖区华丽东村,"114.136453,22.551080"
广东省深圳市罗湖区集浩大厦,"114.135262,22.546427"
广东省深圳市龙岗区倚山别苑,"114.121740,22.621240"
广东省深圳市盐田区三环宿舍,"114.222601,22.555526"
广东省深圳市罗湖区宝湖名园,"114.143568,22.577675"
广东省深圳市罗湖区华隆园,"114.126954,22.550293"
广东省深圳市罗湖区化工大院,"114.129377,22.567602"
广东省深圳市福田区绿景新苑二期,"114.046193,22.524473"
广东省深圳市龙岗区华昱花园,"114.124352,22.611061"
广东省深圳市南山区厚德品园,"113.931068,22.525725"
广东省深圳市南山区中海丽苑,"113.920384,22.515506"
广东省深圳市南山区华联花园,"113.920346,22.520266"
广东省深圳市罗湖区洪湖花园,"114.120722,22.557095"
广东省深圳市福田区福岗园,"114.064430,22.537249"
广东省深圳市福田区恒运豪庭,"114.066162,22.533207"
广东省深圳市南山区鼎太风华五期,"113.911741,22.517853"
广东省深圳市龙华区芷峪澜湾花园,"114.040969,22.693875"
广东省深圳市福田区红树家邻,"114.021731,22.525941"
广东省深圳市龙岗区雅景苑二期,"114.196250,22.645612"
广东省深圳市南山区悠然居,"113.920983,22.500060"
广东省深圳市南山区朗景园,"113.950558,22.540989"
广东省深圳市福田区朗晴馨洲,"114.045638,22.527457"
广东省深圳市龙岗区大芬油画苑,"114.136095,22.606327"
广东省深圳市罗湖区翡翠园,"114.137419,22.583106"
广东省深圳市罗湖区翠景大厦,"114.127042,22.566861"
广东省深圳市宝安区雅涛花园,"113.871521,22.566124"
广东省深圳市福田区听泉居,"114.009472,22.552160"
广东省深圳市南山区凯丽花园,"113.939417,22.543292"
广东省深圳市罗湖区国都花园,"114.110896,22.548516"
广东省深圳市南山区龙都名园,"113.956641,22.570226"
广东省深圳市宝安区宝河大厦,"113.908324,22.561132"
广东省深圳市罗湖区鹏兴花园,"114.169298,22.558691"
广东省深圳市福田区润裕花园,"114.044287,22.566998"
广东省深圳市宝安区豪业华庭,"113.867075,22.560788"
广东省深圳市罗湖区乐扬枫景阁,"114.141518,22.558436"
广东省深圳市宝安区建安新村,"113.896355,22.573496"
广东省深圳市南山区愉康花园,"113.926835,22.527615"
广东省深圳市南山区阳光荔景,"113.925428,22.536791"
广东省深圳市盐田区半山半海,"114.240899,22.582892"
广东省深圳市宝安区海湾明珠花园二期,"113.860412,22.574097"
广东省深圳市福田区东方时代广场,"114.086107,22.545832"
广东省深圳市南山区后海名苑居,"113.932194,22.509699"
广东省深圳市南山区西湖林语名苑,"113.965533,22.592913"
广东省深圳市南山区蓝月湾畔,"113.935540,22.503978"
广东省深圳市福田区东方欣悦居,"114.053979,22.523509"
广东省深圳市龙华区丰泽湖山庄,"114.054507,22.595064"
广东省深圳市南山区国际市长交流中心,"113.966434,22.538747"
广东省深圳市宝安区建安花园,"113.902044,22.564788"
广东省深圳市南山区帝景园一期,"113.936438,22.541309"
广东省深圳市罗湖区湖景花园,"114.143714,22.585725"
广东省深圳市南山区佳嘉豪苑,"113.930664,22.516013"
广东省深圳市福田区云顶翠峰一期,"114.060825,22.517041"
广东省深圳市福田区鸿景湾名苑,"114.027803,22.522153"
广东省深圳市南山区锦隆花园,"113.933541,22.524550"
广东省深圳市罗湖区翡翠园二期,"114.137809,22.584329"
广东省深圳市福田区现代之窗,"114.087318,22.543847"
广东省深圳市罗湖区东晓花园,"114.137254,22.575189"
广东省深圳市南山区西海湾花园,"113.930910,22.517520"
广东省深圳市南山区桃苑小区,"113.924088,22.528231"
广东省深圳市罗湖区深港豪苑,"114.109961,22.550034"
广东省深圳市盐田区海都花园,"114.238719,22.556529"
广东省深圳市福田区圆梦园,"114.057286,22.509250"
广东省深圳市龙岗区第五园六期,"114.071950,22.615040"
广东省深圳市福田区江南名苑,"114.061612,22.515719"
广东省深圳市宝安区壆岗大厦,"113.822682,22.729229"
广东省深圳市宝安区中商花园,"113.898717,22.553683"
广东省深圳市福田区美莲大厦,"114.070562,22.554452"
广东省深圳市宝安区翡翠华庭,"113.905710,22.568994"
广东省深圳市罗湖区星桂园,"114.113865,22.545795"
广东省深圳市福田区枫桦景苑,"114.047010,22.550601"
广东省深圳市福田区合正佳园,"114.055794,22.525753"
广东省深圳市福田区福华阁,"114.065407,22.528244"
广东省深圳市南山区半岛花园b区,"113.934432,22.498987"
广东省深圳市南山区荔馨村,"113.923552,22.528499"
广东省深圳市南山区大陆庄园,"113.917687,22.527677"
广东省深圳市福田区景鹏大厦,"114.045893,22.556951"
广东省深圳市福田区翰岭院,"114.068869,22.572121"
广东省深圳市龙岗区湖光山舍,"114.103299,22.611706"
广东省深圳市宝安区泰华明珠,"113.885113,22.581277"
广东省深圳市宝安区金色华府,"113.886953,22.576767"
广东省深圳市龙华区梅花新园,"114.041260,22.622416"
广东省深圳市福田区赛格景苑,"114.037590,22.554055"
广东省深圳市罗湖区布心工业区,"114.137825,22.578923"
广东省深圳市龙岗区佳馨园,"114.253068,22.727608"
广东省深圳市南山区金晖大厦,"113.924764,22.509169"
广东省深圳市罗湖区金阳成大厦,"114.116658,22.543785"
广东省深圳市宝安区双龙花园,"113.875870,22.581582"
广东省深圳市龙岗区观山大卫华庭,"114.125601,22.622416"
广东省深圳市龙华区中央原著南区,"114.021470,22.629745"
广东省深圳市宝安区新安湖花园,"113.907581,22.563677"
广东省深圳市龙岗区四季花城七期,"114.057700,22.619681"
广东省深圳市龙岗区满庭芳,"114.140517,22.695272"
广东省深圳市罗湖区宝龙苑,"114.138737,22.570368"
广东省深圳市盐田区东部山海家园,"114.237519,22.559078"
广东省深圳市南山区桃花园三期,"113.916257,22.502220"
广东省深圳市福田区馨庭苑,"114.037080,22.557383"
广东省深圳市罗湖区云峰花园,"114.122969,22.538323"
广东省深圳市罗湖区鸿锦阁,"114.137876,22.542851"
广东省深圳市福田区福民大厦,"114.068895,22.522262"
广东省深圳市南山区翠竹园,"113.923407,22.497976"
广东省深圳市福田区好景豪园,"114.035660,22.518980"
广东省深圳市南山区佛山街,"113.978509,22.536919"
广东省深圳市龙华区城市明珠花园,"114.028474,22.665991"
广东省深圳市罗湖区通发花园,"114.149000,22.547115"
广东省深圳市罗湖区电影大厦,"114.113201,22.544947"
广东省深圳市南山区半山翠林花园,"113.960199,22.573327"
广东省深圳市福田区景发花园,"114.039198,22.550726"
广东省深圳市福田区景龙大厦,"114.045319,22.557955"
广东省深圳市福田区鹏丽大厦,"114.086524,22.532923"
广东省深圳市罗湖区港莲二村,"114.175085,22.558397"
广东省深圳市福田区鹏盛年华,"114.100788,22.556709"
广东省深圳市罗湖区鸿业苑,"114.132795,22.557125"
广东省深圳市龙岗区新鸿进花园,"114.239167,22.713959"
广东省深圳市福田区盛世鹏程,"114.097841,22.556768"
广东省深圳市盐田区裕宏园,"114.255185,22.589888"
广东省深圳市南山区水木华庭,"113.980269,22.562514"
广东省深圳市宝安区雅兰亭,"113.892237,22.572594"
广东省深圳市福田区百花公寓,"114.092162,22.551163"
广东省深圳市南山区海印长城小区,"113.932098,22.518698"
广东省深圳市罗湖区华瑞大厦,"114.109385,22.536487"
广东省深圳市南山区海月花园三期,"113.936894,22.496053"
广东省深圳市南山区方卉园,"113.927209,22.546586"
广东省深圳市宝安区佳华书苑雅阁,"113.917507,22.573582"
广东省深圳市南山区丽乐美居,"113.917715,22.536018"
广东省深圳市盐田区旭飞华逸园,"114.234950,22.559855"
广东省深圳市福田区庆典大厦,"114.065918,22.528214"
广东省深圳市福田区天威花园,"114.065618,22.558233"
广东省深圳市福田区长安花园,"114.090020,22.552910"
广东省深圳市宝安区滨城新村,"113.898519,22.581476"
广东省深圳市龙岗区旭景佳园一期,"114.070434,22.624331"
广东省深圳市盐田区御景台,"114.243706,22.585053"
广东省深圳市南山区海珠城,"113.939603,22.517837"
广东省深圳市南山区汇景豪苑,"113.943179,22.540927"
广东省深圳市宝安区富源花园,"113.895768,22.558343"
广东省深圳市南山区海尚国际,"113.923530,22.486240"
广东省深圳市福田区金地花园,"114.034266,22.519524"
广东省深圳市南山区后海花园,"113.930896,22.513046"
广东省深圳市宝安区创业一村,"113.914000,22.580500"
广东省深圳市福田区国皇大厦,"114.064221,22.528101"
广东省深圳市盐田区心海假日,"114.310593,22.599343"
广东省深圳市宝安区威文大厦,"113.886535,22.566622"
广东省深圳市罗湖区鸿隆世纪广场,"114.114212,22.543418"
广东省深圳市南山区四达大厦,"113.925213,22.509833"
广东省深圳市罗湖区金泰名苑,"114.141213,22.568533"
广东省深圳市龙岗区上百间,"114.228188,22.677530"
广东省深圳市宝安区庆华花园,"113.899133,22.555031"
广东省深圳市龙岗区中海大山地花园,"114.177997,22.644926"
广东省深圳市南山区德尚世家,"113.895210,22.495368"
广东省深圳市南山区华府花园,"113.917363,22.528432"
广东省深圳市南山区观峰阁,"113.893956,22.496812"
广东省深圳市龙岗区华侨海景山庄,"114.406238,22.618310"
广东省深圳市龙岗区荔园新村,"114.071939,22.637926"
广东省深圳市南山区汇金家园,"113.927300,22.547946"
广东省深圳市宝安区裕宝大厦,"113.908687,22.559508"
广东省深圳市南山区中新街,"113.980549,22.535740"
广东省深圳市龙岗区君悦阁,"114.204517,22.647153"
广东省深圳市南山区龙坤居,"113.920445,22.512539"
广东省深圳市南山区学林雅院,"113.931219,22.524938"
广东省深圳市南山区汉京确悦,"113.892452,22.498128"
广东省深圳市福田区点彩人家,"114.056760,22.511765"
广东省深圳市宝安区新鹏苑,"113.904688,22.559964"
广东省深圳市宝安区雅然居,"113.893008,22.578798"
广东省深圳市南山区明舍御园,"113.926616,22.536649"
广东省深圳市福田区喜洋洋,"114.068870,22.530900"
广东省深圳市南山区鼎太风华社区,"113.910337,22.516556"
广东省深圳市福田区水畔紫云阁,"114.082409,22.527896"
广东省深圳市南山区中山颐景花园,"113.924487,22.548823"
广东省深圳市福田区金色假日,"114.044573,22.546255"
广东省深圳市南山区花园城五期,"113.919898,22.499938"
广东省深圳市福田区玮鹏花园,"114.094626,22.542192"
广东省深圳市宝安区碧涛居,"113.915198,22.571807"
广东省深圳市南山区碧涛苑,"113.913964,22.480486"
广东省深圳市南山区红树别院,"113.957045,22.546956"
广东省深圳市盐田区倚天阁,"114.302859,22.591860"
广东省深圳市龙岗区家和花园,"114.061565,22.613277"
广东省深圳市福田区荔园阁二期,"114.051298,22.567315"
广东省深圳市龙岗区和成世纪,"114.061199,22.626262"
广东省深圳市南山区登良花园,"113.922079,22.514089"
广东省深圳市盐田区倚山花园,"114.237422,22.561396"
广东省深圳市罗湖区西湖花园,"114.109180,22.550767"
广东省深圳市南山区招北小区,"113.923560,22.491707"
广东省深圳市罗湖区荔景大厦,"114.105128,22.545127"
广东省深圳市福田区豪峰园,"114.022542,22.553590"
广东省深圳市福田区众孚大厦,"114.052138,22.522524"
广东省深圳市罗湖区锦绣大厦,"114.131735,22.548965"
广东省深圳市宝安区鸿昌花园,"113.887011,22.573017"
广东省深圳市罗湖区蕙兰雅居,"114.181919,22.560092"
广东省深圳市福田区骏皇嘉园,"114.045264,22.524149"
广东省深圳市福田区京隆苑,"114.058766,22.515124"
广东省深圳市宝安区东江豪苑,"113.908465,22.555820"
广东省深圳市盐田区宝桐居,"114.224868,22.556293"
广东省深圳市宝安区金成名苑,"113.888099,22.562309"
广东省深圳市宝安区宝安新村,"113.892865,22.587976"
广东省深圳市罗湖区泰丽苑,"114.136873,22.550761"
广东省深圳市南山区常兴广场,"113.919602,22.530356"
广东省深圳市福田区东景大厦,"114.048319,22.542040"
广东省深圳市龙华区东源阁,"114.042708,22.651362"
广东省深圳市南山区豪方花园,"113.934222,22.543966"
广东省深圳市福田区福源大厦,"114.069500,22.531853"
广东省深圳市南山区振兴小区,"113.923560,22.491707"
广东省深圳市福田区绿景花园,"114.041736,22.522221"
广东省深圳市福田区华安园,"114.059737,22.565746"
广东省深圳市福田区嘉意台,"114.064572,22.520528"
广东省深圳市宝安区风采轩,"113.916027,22.575045"
广东省深圳市南山区招商海琴苑,"113.932435,22.500236"
广东省深圳市福田区新洲花园大厦,"114.049218,22.526527"
广东省深圳市南山区电力花园,"113.934578,22.514232"
广东省深圳市宝安区洪福雅苑,"113.893479,22.560599"
广东省深圳市福田区居雅苑,"114.062561,22.516079"
广东省深圳市罗湖区东深供水局宿舍,"114.151550,22.562573"
广东省深圳市福田区恒冠豪园,"114.054156,22.525578"
广东省深圳市福田区阳光城市家园,"114.070771,22.523203"
广东省深圳市南山区雷圳碧榕湾名苑,"113.904450,22.511402"
广东省深圳市宝安区曦谷花园,"113.896752,22.600081"
广东省深圳市宝安区裕华花园,"113.886989,22.568545"
广东省深圳市宝安区雅景居,"113.892704,22.574055"
广东省深圳市福田区金海丽名居,"114.042044,22.516859"
广东省深圳市福田区景尚雅苑,"114.033705,22.557911"
广东省深圳市福田区山水居,"114.043654,22.571096"
广东省深圳市福田区金地翠园,"114.053850,22.524245"
广东省深圳市南山区山水情家园,"113.907337,22.511628"
广东省深圳市罗湖区曦龙山庄,"114.155652,22.550204"
广东省深圳市福田区岭尚时代园,"114.097733,22.563871"
广东省深圳市福田区高科利花园大厦,"114.072238,22.536448"
广东省深圳市福田区翡翠名园,"114.066570,22.562250"
广东省深圳市南山区彩虹居,"113.931711,22.549120"
广东省深圳市罗湖区深纺大院,"114.127788,22.561848"
广东省深圳市南山区科技园58区,"113.951138,22.549512"
广东省深圳市罗湖区雅馨居,"114.111239,22.549075"
广东省深圳市南山区丰泽园,"113.898234,22.505748"
广东省深圳市龙岗区家和盛世花园二期,"114.231802,22.721664"
广东省深圳市龙岗区海语山林,"114.415060,22.628164"
广东省深圳市宝安区海滨广场,"113.891489,22.562697"
广东省深圳市福田区光华园,"114.092482,22.533677"
广东省深圳市宝安区荔园小区,"113.800926,22.697302"
广东省深圳市福田区金地名座,"114.039698,22.521541"
广东省深圳市龙岗区新亚洲广场,"114.197030,22.642299"
广东省深圳市福田区福兴花园二期,"114.045185,22.567125"
广东省深圳市福田区金海燕花园,"113.996680,22.529964"
广东省深圳市南山区海岸明珠,"113.931866,22.515835"
广东省深圳市福田区宏浩花园,"114.037447,22.552675"
广东省深圳市罗湖区仙湖山庄2期,"114.175033,22.570245"
广东省深圳市罗湖区瑞丰大厦,"114.125296,22.536363"
广东省深圳市罗湖区金湖山庄,"114.087483,22.574563"
广东省深圳市南山区海伴雅居,"113.920135,22.486344"
广东省深圳市罗湖区怡都大厦,"114.122607,22.533572"
广东省深圳市宝安区百合苑,"113.897532,22.571191"
广东省深圳市罗湖区红桂皇冠名庭,"114.109009,22.550075"
广东省深圳市宝安区海滨广场,"113.891516,22.562604"
广东省深圳市盐田区和亨家家园,"114.253194,22.590962"
广东省深圳市宝安区海乐花园,"113.861032,22.578546"
广东省深圳市龙华区壹城中心花园,"114.028028,22.649074"
广东省深圳市宝安区金达花园,"113.835401,22.635069"
广东省深圳市南山区榆园小区,"113.930081,22.503521"
广东省深圳市龙华区滢水山庄一区,"114.052957,22.599866"
广东省深圳市福田区新洲花园,"114.048154,22.525898"
广东省深圳市罗湖区双御雅轩,"114.127249,22.576320"
广东省深圳市罗湖区金贝苑,"114.128949,22.568037"
广东省深圳市福田区华富大厦,"114.047347,22.541366"
广东省深圳市福田区东海十八居,"114.025041,22.540011"
广东省深圳市南山区怡园大厦,"113.927342,22.526342"
广东省深圳市南山区荔庭园,"113.912953,22.510233"
广东省深圳市罗湖区华佳大厦,"114.122362,22.545788"
广东省深圳市福田区怡枫园,"114.045536,22.552859"
广东省深圳市福田区福田花园大厦,"114.047759,22.516895"
广东省深圳市福田区银庄大厦,"114.064639,22.521629"
广东省深圳市福田区福星阁,"114.067142,22.526391"
广东省深圳市福田区深业岭秀名苑,"114.057702,22.560900"
广东省深圳市龙岗区信和花园,"114.135546,22.612052"
广东省深圳市南山区汇宾广场二期,"113.917208,22.509585"
广东省深圳市南山区汇园雅居,"113.933958,22.543152"
广东省深圳市罗湖区天景花园,"114.141900,22.560033"
广东省深圳市罗湖区银座金钻,"114.121798,22.541502"
广东省深圳市龙华区海荣豪苑,"114.022060,22.664030"
广东省深圳市福田区水围新家园,"114.063211,22.521371"
广东省深圳市福田区泰然广场,"114.023885,22.527986"
广东省深圳市福田区益田花园一期,"114.056509,22.513391"
广东省深圳市南山区海典居,"113.927530,22.517849"
广东省深圳市福田区高发佳苑,"114.047150,22.517013"
广东省深圳市龙华区金玲花园,"114.029096,22.655872"
广东省深圳市盐田区瑞林苑,"114.237648,22.559061"
广东省深圳市南山区华侨城,"113.992885,22.537265"
广东省深圳市南山区华侨城,"113.992885,22.537265"
广东省深圳市南山区花果山大厦,"113.925178,22.493300"
广东省深圳市福田区长泰花园,"114.087275,22.551767"
广东省深圳市龙华区乐景花园,"114.028770,22.654946"
广东省深圳市福田区益田名园,"114.051042,22.517668"
广东省深圳市宝安区嘉华花园东区,"113.888915,22.582897"
广东省深圳市龙岗区翠枫豪园一期,"114.103210,22.611134"
广东省深圳市罗湖区鸿翠苑,"114.121445,22.582920"
广东省深圳市罗湖区万科桂苑,"114.113434,22.551697"
广东省深圳市福田区御庭园,"114.065085,22.519380"
广东省深圳市龙华区华美丽苑,"114.042647,22.631080"
广东省深圳市罗湖区金城大厦,"114.121829,22.543001"
广东省深圳市福田区长福花园,"114.071595,22.547326"
广东省深圳市宝安区欣荣苑,"113.888930,22.569009"
广东省深圳市南山区新街口大楼,"113.923739,22.506141"
广东省深圳市福田区建业大厦,"114.017878,22.536842"
广东省深圳市龙华区世纪华庭,"114.034562,22.659010"
广东省深圳市福田区香景大厦,"114.039696,22.552365"
广东省深圳市福田区先科花园,"114.061699,22.564941"
广东省深圳市南山区福满园,"113.917632,22.506003"
广东省深圳市龙岗区泓瀚苑,"114.061806,22.631896"
广东省深圳市罗湖区粤海新村,"114.136163,22.572670"
广东省深圳市龙华区华昱苑,"114.025523,22.653106"
广东省深圳市南山区鼎胜山邻,"113.973210,22.565681"
广东省深圳市福田区景田南,"114.045998,22.555549"
广东省深圳市罗湖区广东省银行大厦,"114.118532,22.535047"
广东省深圳市南山区中建二局二公司,"113.893093,22.496935"
广东省深圳市南山区荔海楼,"113.983858,22.539406"
广东省深圳市福田区城市主场,"114.095885,22.558001"
广东省深圳市龙岗区万科城一期,"114.067546,22.643864"
广东省深圳市福田区竹盛花园,"114.005022,22.535663"
广东省深圳市罗湖区广场北街,"114.109730,22.545107"
广东省深圳市南山区金色海琴苑,"113.937385,22.487288"
广东省深圳市宝安区海云轩,"113.893736,22.557756"
广东省深圳市宝安区泰华苑,"113.899944,22.552464"
广东省深圳市南山区陶然居,"113.974452,22.541472"
广东省深圳市南山区阳光华艺大厦,"113.928450,22.525501"
广东省深圳市福田区深华公寓,"114.049590,22.562991"
广东省深圳市南山区硅谷别墅,"113.956451,22.551585"
广东省深圳市福田区众孚花园,"114.050980,22.522014"
广东省深圳市宝安区恒安花园,"113.915301,22.569128"
广东省深圳市福田区新桂花村,"114.065118,22.516614"
广东省深圳市宝安区锦欣花园,"113.857087,22.578703"
广东省深圳市南山区桃花园,"113.924007,22.533098"
广东省深圳市龙岗区超群大厦,"114.128394,22.601997"
广东省深圳市龙华区锦绣花园,"114.024179,22.646467"
广东省深圳市南山区华采花园,"113.920318,22.497470"
广东省深圳市宝安区佳华新村,"113.894331,22.584762"
广东省深圳市南山区好来居,"113.923305,22.521208"
广东省深圳市福田区恒星园,"114.021522,22.553114"
广东省深圳市罗湖区新丰大厦,"114.140172,22.563866"
广东省深圳市福田区玮鹏花园,"114.094626,22.542192"
广东省深圳市南山区深华园,"113.919002,22.517543"
广东省深圳市南山区弘都世纪公寓,"113.936225,22.495188"
广东省深圳市宝安区佳华名苑,"113.877919,22.563554"
广东省深圳市龙华区新华苑二期,"114.036484,22.655111"
广东省深圳市福田区香荔绿洲,"114.026051,22.540762"
广东省深圳市南山区雍华府,"113.928132,22.500644"
广东省深圳市罗湖区景园大厦,"114.105637,22.552260"
广东省深圳市南山区华侨城,"113.992885,22.537265"
广东省深圳市南山区鸿瑞花园一期,"113.926846,22.522673"
广东省深圳市宝安区雅仕阁,"113.897276,22.575328"
广东省深圳市盐田区三家店住宅楼,"114.229079,22.549984"
广东省深圳市南山区皇庭香格里花园,"113.979780,22.561732"
广东省深圳市福田区皇家翠苑,"114.072404,22.544335"
广东省深圳市龙华区煜丰泽花园广场,"114.021056,22.661370"
广东省深圳市罗湖区罗芳苑,"114.147291,22.546940"
广东省深圳市南山区帝景园二期,"113.937600,22.541082"
广东省深圳市福田区香蜜二村,"114.041518,22.543891"
广东省深圳市南山区缘来居,"113.934211,22.545861"
广东省深圳市宝安区宏发君域,"113.839621,22.778312"
广东省深圳市南山区福园单身公寓,"113.951065,22.557267"
广东省深圳市罗湖区聚福花园,"114.172042,22.560845"
广东省深圳市福田区雅云轩,"114.055008,22.525186"
广东省深圳市宝安区金景豪苑,"113.888204,22.562791"
广东省深圳市南山区前海华庭,"113.925072,22.536175"
广东省深圳市龙岗区颂雅苑,"114.184488,22.651265"
广东省深圳市南山区恒裕滨城花园,"113.939354,22.494943"
广东省深圳市南山区桑泰丹华园二期,"113.964863,22.586963"
广东省深圳市南山区向南海德大厦,"113.919658,22.522720"
广东省深圳市福田区海连大厦,"114.069866,22.544294"
广东省深圳市福田区红梅苑,"114.048338,22.565736"
广东省深圳市龙华区赛龙豪轩,"114.026293,22.655270"
广东省深圳市南山区云栖西岸阁,"113.910477,22.529177"
广东省深圳市罗湖区颐园别墅,"114.087280,22.576491"
广东省深圳市南山区高发公寓,"113.974648,22.556577"
广东省深圳市龙华区泰华新村,"114.046991,22.646530"
广东省深圳市南山区枕荔楼,"113.982679,22.536843"
广东省深圳市盐田区海鹏苑,"114.245747,22.561807"
广东省深圳市福田区长城大厦,"114.089632,22.551306"
广东省深圳市福田区碧景园,"114.043825,22.552254"
广东省深圳市龙岗区信义假日名城,"114.123810,22.595673"
广东省深圳市宝安区集信名城,"113.848766,22.778799"
广东省深圳市福田区幸福家园,"114.036608,22.556922"
广东省深圳市罗湖区翠景山庄,"114.127851,22.577895"
广东省深圳市南山区惠中名苑,"113.917622,22.515057"
广东省深圳市罗湖区景贝北,"114.142020,22.555380"
广东省深圳市罗湖区海丰苑,"114.118152,22.540586"
广东省深圳市福田区翔名苑,"114.036628,22.554880"
广东省深圳市福田区福宇轩,"114.043295,22.528641"
广东省深圳市宝安区洪浪二村,"113.903497,22.595908"
广东省深圳市宝安区圣源华庭,"113.867117,22.565135"
广东省深圳市龙华区宇峰苑,"114.021486,22.646195"
广东省深圳市福田区嘉洲华苑,"114.044790,22.528837"
广东省深圳市南山区华侨城,"113.992885,22.537265"
广东省深圳市南山区深南花园,"113.944613,22.540971"
广东省深圳市宝安区宝湖居,"113.911613,22.569296"
广东省深圳市南山区鸿瑞花园二期,"113.926103,22.520467"
广东省深圳市宝安区景富苑,"113.889591,22.564743"
广东省深圳市宝安区阳光新居,"113.857908,22.609466"
广东省深圳市南山区豪园花园,"113.926130,22.528644"
广东省深圳市罗湖区威登别墅,"114.105741,22.547901"
广东省深圳市福田区雍祥居,"114.024367,22.539866"
广东省深圳市南山区华府假日大厦,"113.918895,22.487992"
广东省深圳市龙华区星河丹堤,"114.057882,22.593989"
广东省深圳市罗湖区住宅,"114.106343,22.544309"
广东省深圳市福田区皇岗花园,"114.065106,22.527723"
广东省深圳市南山区海湾花园别墅,"113.921925,22.486037"
广东省深圳市南山区海景广场,"113.913464,22.483524"
广东省深圳市宝安区俊景园,"113.840868,22.637264"
广东省深圳市宝安区湖景居,"113.910862,22.561375"
广东省深圳市南山区育德佳园二期,"113.932703,22.510417"
广东省深圳市罗湖区锦星花园,"114.133374,22.541957"
广东省深圳市龙岗区西湖苑,"114.301058,22.768440"
广东省深圳市罗湖区中华花园,"114.123280,22.576641"
广东省深圳市南山区晶品居,"113.933995,22.545106"
广东省深圳市福田区祥韵苑,"114.054476,22.526739"
广东省深圳市福田区福荣阁,"114.067003,22.526980"
广东省深圳市福田区雨田村一期,"114.055950,22.560562"
广东省深圳市盐田区海关住宅楼,"114.223786,22.553427"
广东省深圳市宝安区旭仕达名苑,"113.892297,22.578678"
广东省深圳市南山区龙电花园a区,"113.919156,22.503959"
广东省深圳市福田区新浩城花园,"113.996643,22.531323"
广东省深圳市宝安区新安市场,"113.893133,22.564806"
广东省深圳市盐田区天浩商住楼,"114.236505,22.554471"
广东省深圳市福田区百兴苑,"114.057022,22.565173"
广东省深圳市福田区集华花园,"114.064666,22.526175"
广东省深圳市宝安区宝佳苑,"113.890197,22.570071"
广东省深圳市宝安区怡合花园,"113.906580,22.575716"
广东省深圳市南山区蛇口雷公岭,"113.933860,22.495865"
广东省深圳市福田区华明楼,"114.065770,22.526773"
广东省深圳市宝安区海天花园,"113.894294,22.561678"
广东省深圳市罗湖区仙桐雅轩,"114.161463,22.565262"
广东省深圳市南山区湖滨花园,"113.984738,22.536260"
广东省深圳市南山区建兴楼,"113.954250,22.580929"
广东省深圳市福田区景田怡华苑,"114.037996,22.557917"
广东省深圳市罗湖区湖滨阁,"114.138534,22.558276"
广东省深圳市宝安区嘉华花园西区,"113.885925,22.580711"
广东省深圳市南山区英伦名苑三期,"113.955617,22.547208"
广东省深圳市宝安区盛迪嘉光明,"113.928385,22.736622"
广东省深圳市宝安区景福花园,"113.892513,22.667555"
广东省深圳市宝安区新宝苑,"113.905018,22.560088"
广东省深圳市宝安区兴业华庭,"113.888379,22.564839"
广东省深圳市龙岗区新龙岗花园,"114.254507,22.735213"
广东省深圳市罗湖区深港新村,"114.148179,22.550506"
广东省深圳市龙华区锦绣御园二期,"114.027485,22.658419"
广东省深圳市盐田区和亨雅园,"114.267563,22.589201"
广东省深圳市龙岗区阳明公寓,"114.061727,22.634500"
广东省深圳市福田区锦河苑,"114.040762,22.524274"
广东省深圳市罗湖区交运综合楼,"114.149838,22.547649"
广东省深圳市南山区桑泰丹华园,"113.965661,22.590520"
广东省深圳市宝安区宝利豪庭,"113.851244,22.762137"
广东省深圳市南山区四季丽晶,"113.919908,22.534266"
广东省深圳市罗湖区聚宝花园,"114.174630,22.560641"
广东省深圳市南山区秀林新居,"113.925204,22.535478"
广东省深圳市南山区汇文楼,"113.983465,22.539338"
广东省深圳市宝安区石鸿花园,"113.901071,22.554461"
广东省深圳市福田区时代星居,"114.066528,22.523008"
广东省深圳市南山区海昌阁,"113.925979,22.518240"
广东省深圳市福田区中康生活区,"114.055040,22.569143"
广东省深圳市福田区益田花园e区,"114.057552,22.512586"
广东省深圳市福田区意馨居,"114.101220,22.564725"
广东省深圳市福田区东方富苑,"114.058891,22.564981"
广东省深圳市福田区金桂大厦,"114.063069,22.514704"
广东省深圳市福田区皇洲花园,"114.071804,22.530900"
广东省深圳市南山区永安单身宿舍,"113.921969,22.510243"
广东省深圳市南山区海岸卡夫诺,"113.915665,22.540805"
广东省深圳市南山区世界花园香山居,"113.975562,22.539471"
广东省深圳市宝安区裕安楼,"113.907833,22.580500"
广东省深圳市宝安区碧海湾花园,"113.860984,22.576575"
广东省深圳市南山区荔芳村,"113.922957,22.527407"
广东省深圳市盐田区深盐商住楼,"114.229030,22.553820"
广东省深圳市南山区海龙苑,"113.974971,22.558198"
广东省深圳市宝安区龙腾阁,"113.819349,22.672708"
广东省深圳市盐田区山泉小区,"114.227362,22.555332"
广东省深圳市盐田区鹏湾一村,"114.236225,22.553059"
广东省深圳市龙华区碧波花园,"114.024105,22.648893"
广东省深圳市福田区华轩大厦,"114.064313,22.527535"
广东省深圳市南山区荔秀华庭,"113.926958,22.535400"
广东省深圳市罗湖区仙湖,"114.174956,22.578596"
广东省深圳市罗湖区西岭花园,"114.155660,22.551909"
广东省深圳市南山区沙河高尔夫别墅,"113.970800,22.552130"
广东省深圳市盐田区星港名苑,"114.268810,22.588823"
广东省深圳市宝安区宝兴花园,"113.877875,22.587749"
广东省深圳市盐田区创意大厦,"114.230985,22.542852"
广东省深圳市南山区倚荔楼,"113.981995,22.537009"
广东省深圳市宝安区新城花园,"113.895069,22.565412"
广东省深圳市罗湖区时尚新居,"114.112212,22.568017"
广东省深圳市罗湖区华港新村,"114.124207,22.587566"
广东省深圳市盐田区鹏湾一村,"114.236225,22.553059"
广东省深圳市盐田区鹏湾一村,"114.236225,22.553059"
广东省深圳市盐田区鹏湾一村,"114.236225,22.553059"
广东省深圳市龙华区壹城中心花园,"114.028028,22.649074"
广东省深圳市南山区地铁前海时代广场,"113.901714,22.525536"
广东省深圳市龙华区壹城中心花园,"114.028028,22.649074"
广东省深圳市盐田区鹏湾一村,"114.236225,22.553059"
